meta	documents	5183
meta	tokens	1167322
meta	build_ns	6663738167
meta	reopen_ns	2911250
time	0	1	479667
hit	0	1	1	3848	9.953085
hit	0	1	2	90	9.865985
hit	0	1	3	3638	9.381075
hit	0	1	4	142	9.324757
hit	0	1	5	2611	8.817793
hit	0	1	6	4816	8.157502
hit	0	1	7	141	7.958845
hit	0	1	8	3568	7.9004874
hit	0	1	9	17	7.709896
hit	0	1	10	503	7.637638
time	0	2	956167
hit	0	2	1	3891	31.858696
hit	0	2	2	3912	16.957708
hit	0	2	3	2387	15.833262
hit	0	2	4	959	15.549219
hit	0	2	5	2398	15.483576
hit	0	2	6	1858	15.470188
hit	0	2	7	3231	15.346543
hit	0	2	8	5045	15.282509
hit	0	2	9	4733	14.696351
hit	0	2	10	1971	14.514457
time	0	3	1423250
hit	0	3	1	5136	61.09269
hit	0	3	2	2500	43.90334
hit	0	3	3	3818	33.142155
hit	0	3	4	4558	32.52148
hit	0	3	5	3460	25.739782
hit	0	3	6	1603	12.841191
hit	0	3	7	1318	11.903052
hit	0	3	8	1615	11.110937
hit	0	3	9	1764	10.943582
hit	0	3	10	2383	10.101786
time	0	4	2518834
hit	0	4	1	4466	23.666588
hit	0	4	2	1334	18.31897
hit	0	4	3	1927	13.35916
hit	0	4	4	939	12.056364
hit	0	4	5	3221	10.922068
hit	0	4	6	491	10.879019
hit	0	4	7	134	9.627831
hit	0	4	8	4112	9.431712
hit	0	4	9	355	9.3441
hit	0	4	10	1482	9.335844
time	0	5	1337542
hit	0	5	1	350	31.447405
hit	0	5	2	238	27.751114
hit	0	5	3	1470	14.864501
hit	0	5	4	3654	14.525374
hit	0	5	5	3935	14.419762
hit	0	5	6	54	11.265594
hit	0	5	7	1610	11.14721
hit	0	5	8	2607	10.998232
hit	0	5	9	1497	10.876433
hit	0	5	10	2681	10.686134
time	0	6	3645625
hit	0	6	1	82	39.374947
hit	0	6	2	5073	28.16577
hit	0	6	3	449	27.889399
hit	0	6	4	3495	27.141579
hit	0	6	5	3182	26.228937
hit	0	6	6	4446	23.664711
hit	0	6	7	2585	23.127882
hit	0	6	8	2764	22.849379
hit	0	6	9	4656	22.422327
hit	0	6	10	2514	22.095552
time	0	7	3583792
hit	0	7	1	82	39.374947
hit	0	7	2	5073	28.16577
hit	0	7	3	449	27.889399
hit	0	7	4	3495	27.141579
hit	0	7	5	3182	26.228937
hit	0	7	6	4446	23.664711
hit	0	7	7	2585	23.127882
hit	0	7	8	2764	22.849379
hit	0	7	9	1664	22.618221
hit	0	7	10	4656	22.422327
time	0	8	1283042
hit	0	8	1	4277	28.96624
hit	0	8	2	2308	22.81123
hit	0	8	3	4903	19.629438
hit	0	8	4	689	17.898497
hit	0	8	5	778	17.242487
hit	0	8	6	2511	16.322155
hit	0	8	7	855	14.801405
hit	0	8	8	2289	14.353551
hit	0	8	9	1492	14.167702
hit	0	8	10	1753	13.823429
time	0	9	4854500
hit	0	9	1	286	41.530365
hit	0	9	2	655	35.187263
hit	0	9	3	4634	33.547577
hit	0	9	4	3158	30.855604
hit	0	9	5	2111	27.23979
hit	0	9	6	3356	26.571957
hit	0	9	7	1333	25.374786
hit	0	9	8	5122	24.180511
hit	0	9	9	661	24.015324
hit	0	9	10	1948	23.995823
time	0	10	3306375
hit	0	10	1	5076	47.797016
hit	0	10	2	962	37.55486
hit	0	10	3	4398	37.2892
hit	0	10	4	2348	34.588543
hit	0	10	5	2717	34.310448
hit	0	10	6	1269	32.653145
hit	0	10	7	395	31.001198
hit	0	10	8	275	29.94062
hit	0	10	9	1199	27.57603
hit	0	10	10	1080	26.53189
time	0	11	2560459
hit	0	11	1	2263	15.073625
hit	0	11	2	4999	14.071642
hit	0	11	3	4711	12.5651655
hit	0	11	4	2138	12.224737
hit	0	11	5	1925	10.953442
hit	0	11	6	118	10.7772455
hit	0	11	7	2664	10.541705
hit	0	11	8	3995	10.390726
hit	0	11	9	802	10.027277
hit	0	11	10	4166	10.025069
time	0	12	202750
hit	0	12	1	1576	44.373882
hit	0	12	2	2734	17.271238
hit	0	12	3	2441	16.148962
hit	0	12	4	1739	15.185925
hit	0	12	5	4542	13.774509
hit	0	12	6	1348	13.297587
hit	0	12	7	1969	12.56031
hit	0	12	8	3821	12.353122
hit	0	12	9	577	12.234858
hit	0	12	10	3086	12.03441
time	0	13	3867833
hit	0	13	1	3563	61.984684
hit	0	13	2	3612	26.31553
hit	0	13	3	4373	18.112663
hit	0	13	4	2927	17.903082
hit	0	13	5	4378	17.539047
hit	0	13	6	2302	16.50072
hit	0	13	7	2661	16.295088
hit	0	13	8	2231	15.88839
hit	0	13	9	4342	15.587828
hit	0	13	10	3168	15.146027
time	0	14	3065250
hit	0	14	1	291	16.388556
hit	0	14	2	4354	15.220117
hit	0	14	3	839	13.454175
hit	0	14	4	2176	12.419643
hit	0	14	5	3728	11.971069
hit	0	14	6	4738	11.504131
hit	0	14	7	3497	11.14836
hit	0	14	8	3800	11.107779
hit	0	14	9	4569	10.956928
hit	0	14	10	1013	10.538017
time	0	15	2747958
hit	0	15	1	1212	69.69988
hit	0	15	2	4791	38.449047
hit	0	15	3	4746	29.10067
hit	0	15	4	2060	27.76702
hit	0	15	5	734	24.39494
hit	0	15	6	289	20.288317
hit	0	15	7	4464	16.43761
hit	0	15	8	1047	16.427633
hit	0	15	9	346	15.690015
hit	0	15	10	798	15.451939
time	0	16	150709
hit	0	16	1	1767	17.526659
hit	0	16	2	1885	16.51138
hit	0	16	3	4751	16.434202
hit	0	16	4	4703	13.975901
hit	0	16	5	5112	12.680223
hit	0	16	6	2133	12.503887
hit	0	16	7	2919	11.771004
hit	0	16	8	2658	11.325431
hit	0	16	9	446	11.202013
hit	0	16	10	2661	10.951172
time	0	17	210417
hit	0	17	1	1767	17.526659
hit	0	17	2	4751	16.434202
hit	0	17	3	1885	13.872401
hit	0	17	4	5112	12.680223
hit	0	17	5	2133	12.503887
hit	0	17	6	2919	11.771004
hit	0	17	7	3635	11.683065
hit	0	17	8	2658	11.325431
hit	0	17	9	446	11.202013
hit	0	17	10	2661	10.951172
time	0	18	3907584
hit	0	18	1	3550	66.7038
hit	0	18	2	4169	28.475065
hit	0	18	3	3034	23.286118
hit	0	18	4	3302	23.121979
hit	0	18	5	257	22.41764
hit	0	18	6	2612	21.699453
hit	0	18	7	4384	21.019833
hit	0	18	8	1105	20.317606
hit	0	18	9	3389	20.042086
hit	0	18	10	2145	19.94944
time	0	19	363958
hit	0	19	1	1601	52.97141
hit	0	19	2	2820	37.353165
hit	0	19	3	841	28.865473
hit	0	19	4	3083	19.506649
hit	0	19	5	3742	18.620182
hit	0	19	6	2600	17.703451
hit	0	19	7	3560	17.629002
hit	0	19	8	2680	15.877256
hit	0	19	9	3823	15.1439
hit	0	19	10	5129	14.955637
time	0	20	1803125
hit	0	20	1	4730	16.33503
hit	0	20	2	2130	12.572672
hit	0	20	3	2	11.816643
hit	0	20	4	1865	11.688216
hit	0	20	5	1564	11.394337
hit	0	20	6	2982	11.290407
hit	0	20	7	1382	10.854449
hit	0	20	8	5123	10.047144
hit	0	20	9	3819	10.034158
hit	0	20	10	4625	9.907195
time	0	21	1858334
hit	0	21	1	125	39.42759
hit	0	21	2	3990	34.049976
hit	0	21	3	1983	30.375217
hit	0	21	4	1	27.166824
hit	0	21	5	459	25.234505
hit	0	21	6	1460	24.880058
hit	0	21	7	936	23.496042
hit	0	21	8	3355	22.990168
hit	0	21	9	1054	20.398901
hit	0	21	10	1226	17.526918
time	0	22	2457000
hit	0	22	1	4444	41.61355
hit	0	22	2	1208	37.11431
hit	0	22	3	792	33.78895
hit	0	22	4	2539	30.763025
hit	0	22	5	2452	27.229311
hit	0	22	6	3852	23.35195
hit	0	22	7	4326	21.912254
hit	0	22	8	3274	21.286652
hit	0	22	9	3046	20.050062
hit	0	22	10	3281	18.832512
time	0	23	2215458
hit	0	23	1	1263	55.57295
hit	0	23	2	4587	23.036821
hit	0	23	3	4692	22.738197
hit	0	23	4	3889	21.313408
hit	0	23	5	82	21.134712
hit	0	23	6	4366	20.708464
hit	0	23	7	3903	20.480705
hit	0	23	8	4131	20.442629
hit	0	23	9	3356	20.117638
hit	0	23	10	48	19.36428
time	0	24	3442125
hit	0	24	1	4591	32.74763
hit	0	24	2	2142	30.89302
hit	0	24	3	2626	30.825127
hit	0	24	4	3227	27.680868
hit	0	24	5	1589	25.303247
hit	0	24	6	3112	24.878128
hit	0	24	7	4996	24.23845
hit	0	24	8	1358	24.011843
hit	0	24	9	303	23.994368
hit	0	24	10	2729	23.34822
time	0	25	2368083
hit	0	25	1	3104	21.363693
hit	0	25	2	4138	17.108282
hit	0	25	3	1340	17.076336
hit	0	25	4	4787	16.007082
hit	0	25	5	1956	13.562483
hit	0	25	6	4209	12.697002
hit	0	25	7	4596	12.387404
hit	0	25	8	236	12.221792
hit	0	25	9	506	12.17993
hit	0	25	10	4187	11.952299
time	0	26	1911250
hit	0	26	1	4961	14.26092
hit	0	26	2	2230	12.960306
hit	0	26	3	4908	12.480452
hit	0	26	4	2472	12.369846
hit	0	26	5	2395	12.209198
hit	0	26	6	1856	12.091703
hit	0	26	7	4566	12.060007
hit	0	26	8	307	12.047844
hit	0	26	9	6	12.02506
hit	0	26	10	701	11.971355
time	0	27	3332667
hit	0	27	1	12	61.092346
hit	0	27	2	5155	50.707363
hit	0	27	3	345	24.864115
hit	0	27	4	3448	23.642975
hit	0	27	5	3151	20.345572
hit	0	27	6	3635	18.85521
hit	0	27	7	2919	17.530348
hit	0	27	8	3050	16.826754
hit	0	27	9	2954	16.551441
hit	0	27	10	302	16.096233
time	0	28	577667
hit	0	28	1	640	31.211838
hit	0	28	2	1637	13.775164
hit	0	28	3	1211	13.724811
hit	0	28	4	618	12.723384
hit	0	28	5	1720	12.65469
hit	0	28	6	1611	12.414621
hit	0	28	7	1940	12.407961
hit	0	28	8	2773	12.28874
hit	0	28	9	3892	12.169222
hit	0	28	10	3569	11.840107
time	0	29	2166959
hit	0	29	1	3139	21.945345
hit	0	29	2	1042	16.461344
hit	0	29	3	1742	15.215588
hit	0	29	4	1529	13.769231
hit	0	29	5	1899	13.297209
hit	0	29	6	907	12.203372
hit	0	29	7	1484	11.833979
hit	0	29	8	649	11.66164
hit	0	29	9	817	11.335291
hit	0	29	10	4934	11.312936
time	0	30	4115375
hit	0	30	1	206	37.68839
hit	0	30	2	4888	17.592566
hit	0	30	3	4354	15.992399
hit	0	30	4	2761	15.963937
hit	0	30	5	1023	15.913973
hit	0	30	6	454	15.073956
hit	0	30	7	127	14.807786
hit	0	30	8	201	14.785582
hit	0	30	9	2275	14.410765
hit	0	30	10	2645	14.183674
time	0	31	2711500
hit	0	31	1	882	41.19449
hit	0	31	2	4808	15.447208
hit	0	31	3	4822	14.427386
hit	0	31	4	1402	14.055351
hit	0	31	5	12	13.747774
hit	0	31	6	345	13.408984
hit	0	31	7	3873	9.927956
hit	0	31	8	1801	9.524552
hit	0	31	9	3448	9.423384
hit	0	31	10	1266	9.319643
time	0	32	1524375
hit	0	32	1	1860	18.149311
hit	0	32	2	3545	15.217976
hit	0	32	3	2222	15.2030525
hit	0	32	4	1010	14.851016
hit	0	32	5	2494	14.129521
hit	0	32	6	4345	13.643177
hit	0	32	7	899	13.529524
hit	0	32	8	3268	12.920839
hit	0	32	9	2501	12.856543
hit	0	32	10	4430	12.393797
time	0	33	2073958
hit	0	33	1	94	34.887947
hit	0	33	2	953	16.980911
hit	0	33	3	1010	15.768524
hit	0	33	4	2424	15.724882
hit	0	33	5	4231	14.015928
hit	0	33	6	3614	13.993933
hit	0	33	7	4438	13.838251
hit	0	33	8	766	13.781685
hit	0	33	9	3969	12.888718
hit	0	33	10	2955	12.344062
time	0	34	2054625
hit	0	34	1	4483	61.31459
hit	0	34	2	4011	50.51783
hit	0	34	3	3044	26.263317
hit	0	34	4	581	24.487553
hit	0	34	5	934	20.854446
hit	0	34	6	4028	20.167519
hit	0	34	7	200	16.109098
hit	0	34	8	2504	15.87804
hit	0	34	9	4253	15.518625
hit	0	34	10	5012	15.286546
time	0	35	3074292
hit	0	35	1	94	26.6273
hit	0	35	2	3969	26.295292
hit	0	35	3	2424	23.105629
hit	0	35	4	766	22.115114
hit	0	35	5	2955	20.542326
hit	0	35	6	1010	18.446
hit	0	35	7	3627	15.099023
hit	0	35	8	3917	15.046875
hit	0	35	9	2891	14.210641
hit	0	35	10	2163	13.892066
time	0	36	4521833
hit	0	36	1	1102	78.7641
hit	0	36	2	1803	49.43689
hit	0	36	3	3739	32.08251
hit	0	36	4	1694	28.552265
hit	0	36	5	179	25.68236
hit	0	36	6	4060	24.917566
hit	0	36	7	2332	23.281004
hit	0	36	8	481	23.217035
hit	0	36	9	5097	22.289282
hit	0	36	10	4216	22.071035
time	0	37	3475166
hit	0	37	1	4260	29.938
hit	0	37	2	3547	29.922743
hit	0	37	3	1396	29.917904
hit	0	37	4	419	26.39174
hit	0	37	5	3668	25.90877
hit	0	37	6	3162	22.861769
hit	0	37	7	153	22.688248
hit	0	37	8	276	20.24625
hit	0	37	9	2054	20.215809
hit	0	37	10	1267	20.10002
time	0	38	2253875
hit	0	38	1	3331	16.277304
hit	0	38	2	129	14.813745
hit	0	38	3	4064	13.187769
hit	0	38	4	281	12.762171
hit	0	38	5	2304	12.681252
hit	0	38	6	4953	12.415616
hit	0	38	7	2233	12.250052
hit	0	38	8	2463	12.027306
hit	0	38	9	2069	12.023012
hit	0	38	10	4557	11.189575
time	0	39	3730209
hit	0	39	1	212	19.77296
hit	0	39	2	2251	19.126114
hit	0	39	3	4793	16.346878
hit	0	39	4	927	15.664939
hit	0	39	5	885	15.531968
hit	0	39	6	679	15.219333
hit	0	39	7	1837	15.043787
hit	0	39	8	3416	14.842261
hit	0	39	9	3232	13.991213
hit	0	39	10	1019	13.963747
time	0	40	3439583
hit	0	40	1	1924	15.776794
hit	0	40	2	2940	13.860181
hit	0	40	3	3495	13.782862
hit	0	40	4	900	13.703581
hit	0	40	5	4312	12.505831
hit	0	40	6	4145	12.112471
hit	0	40	7	3095	11.746971
hit	0	40	8	4930	11.525989
hit	0	40	9	1211	10.806843
hit	0	40	10	3018	10.461784
time	0	41	3337250
hit	0	41	1	1924	15.776794
hit	0	41	2	2940	13.860181
hit	0	41	3	3495	13.782862
hit	0	41	4	900	13.703581
hit	0	41	5	4312	12.505831
hit	0	41	6	4145	12.112471
hit	0	41	7	3095	11.746971
hit	0	41	8	4930	11.525989
hit	0	41	9	1211	10.806843
hit	0	41	10	3018	10.461784
time	0	42	3671042
hit	0	42	1	4703	37.423176
hit	0	42	2	4962	25.455376
hit	0	42	3	1767	24.401932
hit	0	42	4	3635	20.318708
hit	0	42	5	3887	19.207777
hit	0	42	6	2017	18.837606
hit	0	42	7	4737	18.746216
hit	0	42	8	2345	18.72961
hit	0	42	9	4557	18.056822
hit	0	42	10	410	18.0063
time	0	43	3126125
hit	0	43	1	909	15.394862
hit	0	43	2	2427	12.644876
hit	0	43	3	903	12.393734
hit	0	43	4	3904	12.312021
hit	0	43	5	3547	11.863632
hit	0	43	6	4768	11.792706
hit	0	43	7	1540	11.4968195
hit	0	43	8	224	11.389812
hit	0	43	9	567	11.347454
hit	0	43	10	1188	11.088341
time	0	44	3977375
hit	0	44	1	3219	24.455584
hit	0	44	2	1705	18.910608
hit	0	44	3	3210	18.823023
hit	0	44	4	4439	18.629778
hit	0	44	5	2834	17.740168
hit	0	44	6	5040	17.322708
hit	0	44	7	1398	17.015411
hit	0	44	8	978	16.142334
hit	0	44	9	3183	16.036041
hit	0	44	10	3191	14.981705
time	0	45	3498667
hit	0	45	1	2947	29.428593
hit	0	45	2	981	19.549393
hit	0	45	3	1444	17.430943
hit	0	45	4	2608	17.393274
hit	0	45	5	4505	16.180313
hit	0	45	6	2409	15.535362
hit	0	45	7	3898	15.274491
hit	0	45	8	1083	15.244089
hit	0	45	9	1169	15.011884
hit	0	45	10	4919	14.772137
time	0	46	3983459
hit	0	46	1	1373	30.406769
hit	0	46	2	2613	22.741571
hit	0	46	3	4684	17.143888
hit	0	46	4	3194	16.84267
hit	0	46	5	274	16.091415
hit	0	46	6	195	15.841566
hit	0	46	7	3545	14.890522
hit	0	46	8	48	14.857015
hit	0	46	9	488	14.490355
hit	0	46	10	301	14.439463
time	0	47	3027084
hit	0	47	1	2115	15.570984
hit	0	47	2	4325	15.533279
hit	0	47	3	639	15.521893
hit	0	47	4	4265	14.878708
hit	0	47	5	1255	14.847025
hit	0	47	6	772	14.845137
hit	0	47	7	4798	14.221173
hit	0	47	8	1122	13.958832
hit	0	47	9	749	13.921914
hit	0	47	10	2337	13.706314
time	0	48	3459792
hit	0	48	1	2148	41.466957
hit	0	48	2	1661	15.383883
hit	0	48	3	3925	14.314766
hit	0	48	4	4845	14.25281
hit	0	48	5	601	13.216442
hit	0	48	6	231	12.617579
hit	0	48	7	3226	12.435107
hit	0	48	8	1494	12.344821
hit	0	48	9	3504	12.277669
hit	0	48	10	3089	12.213911
time	0	49	3236833
hit	0	49	1	1753	18.595955
hit	0	49	2	2589	15.021115
hit	0	49	3	1311	14.315885
hit	0	49	4	3104	13.216949
hit	0	49	5	4016	12.850751
hit	0	49	6	4655	12.641564
hit	0	49	7	359	12.563473
hit	0	49	8	1097	12.447938
hit	0	49	9	4138	12.192959
hit	0	49	10	3838	12.13504
time	0	50	2357000
hit	0	50	1	5121	15.779461
hit	0	50	2	1616	13.068918
hit	0	50	3	5000	12.481369
hit	0	50	4	1689	12.363393
hit	0	50	5	732	11.943241
hit	0	50	6	3335	11.570846
hit	0	50	7	3843	11.211841
hit	0	50	8	3795	11.05189
hit	0	50	9	4648	10.741959
hit	0	50	10	318	10.319604
time	0	51	3048292
hit	0	51	1	301	23.372482
hit	0	51	2	2140	19.81488
hit	0	51	3	375	18.130856
hit	0	51	4	863	16.245056
hit	0	51	5	3105	14.981548
hit	0	51	6	2261	14.673554
hit	0	51	7	1426	14.314116
hit	0	51	8	4478	14.267146
hit	0	51	9	3381	14.264786
hit	0	51	10	4575	14.235397
time	0	52	3661416
hit	0	52	1	639	46.02606
hit	0	52	2	4598	21.800516
hit	0	52	3	377	20.298353
hit	0	52	4	2748	19.704538
hit	0	52	5	3959	17.849329
hit	0	52	6	5044	17.560331
hit	0	52	7	4034	17.387161
hit	0	52	8	2290	17.350744
hit	0	52	9	1288	17.183903
hit	0	52	10	2788	16.870733
time	0	53	1997542
hit	0	53	1	4163	36.7026
hit	0	53	2	4631	29.644814
hit	0	53	3	2965	23.083448
hit	0	53	4	634	19.795515
hit	0	53	5	3010	16.465336
hit	0	53	6	733	16.342566
hit	0	53	7	1143	15.790089
hit	0	53	8	1545	15.541124
hit	0	53	9	4348	15.314909
hit	0	53	10	1809	15.189842
time	0	54	2216375
hit	0	54	1	4440	22.11257
hit	0	54	2	728	18.96976
hit	0	54	3	1253	18.182938
hit	0	54	4	3844	17.908024
hit	0	54	5	3072	17.793552
hit	0	54	6	3637	17.245535
hit	0	54	7	1543	15.22711
hit	0	54	8	3558	13.716572
hit	0	54	9	2756	13.478329
hit	0	54	10	3946	13.364574
time	0	55	2445041
hit	0	55	1	264	14.019305
hit	0	55	2	3598	13.529148
hit	0	55	3	4180	13.250312
hit	0	55	4	4931	12.855167
hit	0	55	5	4618	11.826724
hit	0	55	6	911	11.778436
hit	0	55	7	371	11.340278
hit	0	55	8	1548	11.307924
hit	0	55	9	4619	11.12091
hit	0	55	10	4752	10.804833
time	0	56	4233166
hit	0	56	1	374	28.186222
hit	0	56	2	2187	27.04531
hit	0	56	3	479	24.132652
hit	0	56	4	1587	23.455973
hit	0	56	5	1456	22.1823
hit	0	56	6	469	21.66985
hit	0	56	7	957	21.162382
hit	0	56	8	2306	20.845398
hit	0	56	9	2959	19.9639
hit	0	56	10	5029	19.123114
time	0	57	3450083
hit	0	57	1	3935	52.620155
hit	0	57	2	4354	39.66655
hit	0	57	3	1768	32.026108
hit	0	57	4	2782	31.782875
hit	0	57	5	2677	31.683207
hit	0	57	6	1583	30.517532
hit	0	57	7	471	30.395832
hit	0	57	8	388	29.744474
hit	0	57	9	1799	28.998608
hit	0	57	10	1430	28.750013
time	0	58	4334167
hit	0	58	1	593	41.086063
hit	0	58	2	616	41.024555
hit	0	58	3	3424	40.7952
hit	0	58	4	2484	35.16691
hit	0	58	5	3050	32.55013
hit	0	58	6	4164	32.05353
hit	0	58	7	2620	28.435535
hit	0	58	8	4308	27.911428
hit	0	58	9	1015	27.221664
hit	0	58	10	1831	27.218102
time	0	59	2854875
hit	0	59	1	3248	18.536
hit	0	59	2	1777	14.183903
hit	0	59	3	2817	13.553802
hit	0	59	4	1281	13.524586
hit	0	59	5	2642	11.4150305
hit	0	59	6	3514	11.082794
hit	0	59	7	4724	10.6759405
hit	0	59	8	3812	10.404809
hit	0	59	9	1822	10.381715
hit	0	59	10	1834	10.026323
time	0	60	3017334
hit	0	60	1	635	32.53701
hit	0	60	2	836	21.276606
hit	0	60	3	377	15.531792
hit	0	60	4	3899	14.967491
hit	0	60	5	3723	14.903431
hit	0	60	6	4230	14.550542
hit	0	60	7	2210	14.1455765
hit	0	60	8	1595	13.308262
hit	0	60	9	2199	13.123165
hit	0	60	10	2257	13.075387
time	0	61	3568250
hit	0	61	1	594	42.89436
hit	0	61	2	4330	22.293741
hit	0	61	3	3471	22.23204
hit	0	61	4	2666	20.477623
hit	0	61	5	821	18.714031
hit	0	61	6	4090	18.4357
hit	0	61	7	2302	18.377789
hit	0	61	8	2465	17.565098
hit	0	61	9	3027	17.31938
hit	0	61	10	13	15.1122
time	0	62	3788417
hit	0	62	1	2268	31.273327
hit	0	62	2	541	17.78176
hit	0	62	3	1144	16.06691
hit	0	62	4	951	15.891633
hit	0	62	5	5074	14.471128
hit	0	62	6	1446	13.844969
hit	0	62	7	478	13.573433
hit	0	62	8	2089	13.572215
hit	0	62	9	3878	13.3755665
hit	0	62	10	4506	13.326167
time	0	63	2300792
hit	0	63	1	161	72.5697
hit	0	63	2	1115	28.03512
hit	0	63	3	2225	22.681599
hit	0	63	4	4755	21.99614
hit	0	63	5	3476	20.908857
hit	0	63	6	716	20.69116
hit	0	63	7	4506	20.353323
hit	0	63	8	2860	20.2996
hit	0	63	9	1371	20.13822
hit	0	63	10	251	19.21506
time	0	64	2798833
hit	0	64	1	4707	55.957806
hit	0	64	2	3922	52.850418
hit	0	64	3	4641	47.619125
hit	0	64	4	2685	46.619938
hit	0	64	5	1922	45.38214
hit	0	64	6	372	43.892273
hit	0	64	7	2043	29.289228
hit	0	64	8	4745	24.817831
hit	0	64	9	2572	24.136227
hit	0	64	10	1162	23.826918
time	0	65	2928834
hit	0	65	1	3486	19.032928
hit	0	65	2	187	18.62424
hit	0	65	3	2238	16.6253
hit	0	65	4	4181	16.30595
hit	0	65	5	785	16.128498
hit	0	65	6	943	16.108662
hit	0	65	7	508	16.067726
hit	0	65	8	299	15.375532
hit	0	65	9	4210	15.275661
hit	0	65	10	3067	15.061045
time	0	66	2761208
hit	0	66	1	3486	16.67144
hit	0	66	2	4181	16.30595
hit	0	66	3	785	16.128498
hit	0	66	4	943	16.108662
hit	0	66	5	187	15.980797
hit	0	66	6	4210	15.275661
hit	0	66	7	4234	14.621712
hit	0	66	8	2066	14.437983
hit	0	66	9	2927	14.3249235
hit	0	66	10	4546	14.116543
time	0	67	1484000
hit	0	67	1	2050	18.384724
hit	0	67	2	178	17.915562
hit	0	67	3	4856	16.299494
hit	0	67	4	2574	12.688398
hit	0	67	5	398	11.137014
hit	0	67	6	2949	10.88721
hit	0	67	7	1476	10.721595
hit	0	67	8	4797	9.712089
hit	0	67	9	871	9.014594
hit	0	67	10	1740	8.966013
time	0	68	1318459
hit	0	68	1	3455	67.62921
hit	0	68	2	2807	67.16989
hit	0	68	3	3324	61.169548
hit	0	68	4	3535	23.684673
hit	0	68	5	1324	14.050577
hit	0	68	6	3771	12.545483
hit	0	68	7	2423	11.384497
hit	0	68	8	937	11.202137
hit	0	68	9	2616	10.82481
hit	0	68	10	673	10.640507
time	0	69	2441000
hit	0	69	1	2807	15.515417
hit	0	69	2	2012	12.552278
hit	0	69	3	2797	11.6278515
hit	0	69	4	17	11.610302
hit	0	69	5	1778	10.654277
hit	0	69	6	3324	10.448374
hit	0	69	7	2875	10.356691
hit	0	69	8	3535	10.223616
hit	0	69	9	2423	10.173446
hit	0	69	10	1950	10.10004
time	0	70	3708667
hit	0	70	1	2076	20.502031
hit	0	70	2	4286	16.370363
hit	0	70	3	3958	16.056646
hit	0	70	4	1895	15.903011
hit	0	70	5	2610	14.68569
hit	0	70	6	3401	14.593306
hit	0	70	7	1671	14.129112
hit	0	70	8	4666	13.7167425
hit	0	70	9	3201	13.679592
hit	0	70	10	2468	13.247782
time	0	71	2728958
hit	0	71	1	2687	47.023403
hit	0	71	2	86	20.47529
hit	0	71	3	1680	17.517399
hit	0	71	4	4128	17.340229
hit	0	71	5	4414	15.699739
hit	0	71	6	4161	15.586036
hit	0	71	7	4335	15.455749
hit	0	71	8	1052	14.88355
hit	0	71	9	5141	14.161978
hit	0	71	10	2707	14.05591
time	0	72	1656709
hit	0	72	1	4127	37.53094
hit	0	72	2	1111	26.301105
hit	0	72	3	4799	17.10146
hit	0	72	4	2119	16.158361
hit	0	72	5	1885	14.435385
hit	0	72	6	3770	14.346876
hit	0	72	7	747	13.88629
hit	0	72	8	4737	13.825002
hit	0	72	9	3920	13.735848
hit	0	72	10	5100	13.46936
time	0	73	1407833
hit	0	73	1	4341	23.503044
hit	0	73	2	1490	15.919052
hit	0	73	3	5069	13.5870495
hit	0	73	4	572	13.465656
hit	0	73	5	4164	13.349478
hit	0	73	6	2658	13.028004
hit	0	73	7	3119	12.9920025
hit	0	73	8	3245	12.857572
hit	0	73	9	4063	12.807807
hit	0	73	10	947	12.439682
time	0	74	3313459
hit	0	74	1	257	115.970184
hit	0	74	2	3187	32.675858
hit	0	74	3	4792	31.402205
hit	0	74	4	3554	29.657434
hit	0	74	5	1436	28.214815
hit	0	74	6	1604	27.653568
hit	0	74	7	3686	24.177977
hit	0	74	8	2130	23.082052
hit	0	74	9	855	22.67405
hit	0	74	10	4841	21.889801
time	0	75	2750166
hit	0	75	1	400	21.900957
hit	0	75	2	4752	20.666964
hit	0	75	3	1190	20.313385
hit	0	75	4	4987	17.395231
hit	0	75	5	424	17.102203
hit	0	75	6	4308	16.975956
hit	0	75	7	1944	16.531038
hit	0	75	8	2341	16.487461
hit	0	75	9	1487	16.329674
hit	0	75	10	423	16.220371
time	0	76	2818875
hit	0	76	1	2687	47.07793
hit	0	76	2	86	22.032824
hit	0	76	3	1680	17.517399
hit	0	76	4	4128	17.340229
hit	0	76	5	4414	17.290276
hit	0	76	6	5141	16.740929
hit	0	76	7	485	15.649342
hit	0	76	8	1542	15.6263275
hit	0	76	9	4161	15.586036
hit	0	76	10	4860	15.458204
time	0	77	1074334
hit	0	77	1	399	15.28961
hit	0	77	2	3812	14.25787
hit	0	77	3	3664	13.519377
hit	0	77	4	3186	12.179842
hit	0	77	5	4371	12.11565
hit	0	77	6	3120	12.013332
hit	0	77	7	3734	11.836733
hit	0	77	8	4488	11.701622
hit	0	77	9	861	11.56538
hit	0	77	10	2952	11.403843
time	0	78	2216125
hit	0	78	1	2637	23.8914
hit	0	78	2	3870	23.458641
hit	0	78	3	1362	18.70148
hit	0	78	4	531	18.613586
hit	0	78	5	2521	15.026158
hit	0	78	6	3591	14.766423
hit	0	78	7	1719	14.521446
hit	0	78	8	1976	14.4753475
hit	0	78	9	3889	14.23832
hit	0	78	10	1862	14.237921
time	0	79	1866542
hit	0	79	1	713	20.258204
hit	0	79	2	96	17.64344
hit	0	79	3	3899	17.391977
hit	0	79	4	1077	16.984077
hit	0	79	5	1039	16.51619
hit	0	79	6	3446	16.507792
hit	0	79	7	1408	16.366999
hit	0	79	8	420	14.891515
hit	0	79	9	2667	14.152573
hit	0	79	10	172	13.922044
time	0	80	1865292
hit	0	80	1	1689	14.415998
hit	0	80	2	4594	13.8685875
hit	0	80	3	4053	12.6796255
hit	0	80	4	4297	12.572462
hit	0	80	5	3517	12.108668
hit	0	80	6	2675	11.971093
hit	0	80	7	4364	11.882305
hit	0	80	8	4737	11.143485
hit	0	80	9	943	10.971411
hit	0	80	10	3621	10.5182295
time	0	81	3294708
hit	0	81	1	1039	27.170708
hit	0	81	2	96	23.216125
hit	0	81	3	2754	22.620235
hit	0	81	4	4086	22.476166
hit	0	81	5	1050	22.383734
hit	0	81	6	713	21.109203
hit	0	81	7	972	20.724922
hit	0	81	8	1077	20.387794
hit	0	81	9	420	19.228218
hit	0	81	10	3355	18.866016
time	0	82	3336000
hit	0	82	1	1038	28.47699
hit	0	82	2	1483	28.023325
hit	0	82	3	4249	27.39262
hit	0	82	4	4071	25.75909
hit	0	82	5	2581	25.345459
hit	0	82	6	1239	23.44247
hit	0	82	7	3463	22.382214
hit	0	82	8	425	22.335083
hit	0	82	9	3276	21.884222
hit	0	82	10	4387	21.14761
time	0	83	2249250
hit	0	83	1	3562	41.95432
hit	0	83	2	1063	40.995945
hit	0	83	3	1952	37.341675
hit	0	83	4	3333	37.33026
hit	0	83	5	2292	34.630856
hit	0	83	6	5064	34.370373
hit	0	83	7	2309	33.93922
hit	0	83	8	5158	33.626354
hit	0	83	9	3408	32.839542
hit	0	83	10	3183	32.67482
time	0	84	898500
hit	0	84	1	2701	31.669228
hit	0	84	2	2637	27.293018
hit	0	84	3	3870	25.052898
hit	0	84	4	1546	23.449507
hit	0	84	5	4017	18.159735
hit	0	84	6	1445	17.895632
hit	0	84	7	4862	17.35393
hit	0	84	8	2486	16.712502
hit	0	84	9	2388	16.461306
hit	0	84	10	2729	16.158985
time	0	85	720875
hit	0	85	1	2701	29.805647
hit	0	85	2	2637	27.293018
hit	0	85	3	3870	25.052898
hit	0	85	4	1546	21.578493
hit	0	85	5	1979	17.197557
hit	0	85	6	4017	16.586792
hit	0	85	7	2729	16.158985
hit	0	85	8	4591	16.14375
hit	0	85	9	2142	15.946331
hit	0	85	10	1445	15.690287
time	0	86	1358291
hit	0	86	1	1549	41.265816
hit	0	86	2	1047	26.434776
hit	0	86	3	511	17.06199
hit	0	86	4	4773	16.589136
hit	0	86	5	3008	16.575333
hit	0	86	6	4464	14.850802
hit	0	86	7	1769	14.595303
hit	0	86	8	346	14.481924
hit	0	86	9	798	12.744222
hit	0	86	10	878	12.617845
time	0	87	2096750
hit	0	87	1	915	52.677048
hit	0	87	2	3838	13.606503
hit	0	87	3	1960	12.24398
hit	0	87	4	4681	11.711906
hit	0	87	5	2639	11.17263
hit	0	87	6	4896	10.741656
hit	0	87	7	700	10.583856
hit	0	87	8	2290	10.476875
hit	0	87	9	4806	10.254351
hit	0	87	10	144	10.2143345
time	0	88	4899958
hit	0	88	1	5102	37.744076
hit	0	88	2	4583	33.735615
hit	0	88	3	923	27.900936
hit	0	88	4	998	25.514902
hit	0	88	5	2376	24.701626
hit	0	88	6	2788	24.659237
hit	0	88	7	3967	24.618872
hit	0	88	8	1227	24.27107
hit	0	88	9	2727	23.729893
hit	0	88	10	3372	22.439949
time	0	89	2641000
hit	0	89	1	449	46.23218
hit	0	89	2	3495	30.643835
hit	0	89	3	82	26.377651
hit	0	89	4	3182	23.181084
hit	0	89	5	154	19.692421
hit	0	89	6	2801	15.358744
hit	0	89	7	4439	15.120184
hit	0	89	8	2513	15.004486
hit	0	89	9	4450	14.678583
hit	0	89	10	99	14.368464
time	0	90	3674417
hit	0	90	1	240	56.6365
hit	0	90	2	4207	54.43602
hit	0	90	3	4319	35.62938
hit	0	90	4	2134	28.014063
hit	0	90	5	3189	27.004902
hit	0	90	6	1208	22.840548
hit	0	90	7	2207	21.468412
hit	0	90	8	2452	21.080658
hit	0	90	9	3590	20.9286
hit	0	90	10	4452	20.120014
time	0	91	1501500
hit	0	91	1	2050	18.384724
hit	0	91	2	178	17.915562
hit	0	91	3	4856	16.299496
hit	0	91	4	2574	12.688398
hit	0	91	5	398	11.137014
hit	0	91	6	2949	10.88721
hit	0	91	7	1476	10.721595
hit	0	91	8	4797	9.712089
hit	0	91	9	871	9.014594
hit	0	91	10	1740	8.966013
time	0	92	2129334
hit	0	92	1	4856	16.727898
hit	0	92	2	178	13.334463
hit	0	92	3	2050	11.758723
hit	0	92	4	4494	11.708034
hit	0	92	5	4797	11.686311
hit	0	92	6	1401	10.832742
hit	0	92	7	5070	10.098687
hit	0	92	8	3186	9.756769
hit	0	92	9	2465	9.675496
hit	0	92	10	1843	9.297668
time	0	93	2020792
hit	0	93	1	517	24.420408
hit	0	93	2	2913	20.555376
hit	0	93	3	2011	20.34567
hit	0	93	4	4989	20.021753
hit	0	93	5	2663	20.01805
hit	0	93	6	1765	18.716106
hit	0	93	7	2972	17.612482
hit	0	93	8	1832	16.542967
hit	0	93	9	1731	16.210466
hit	0	93	10	318	15.352785
time	0	94	1934250
hit	0	94	1	2496	39.532066
hit	0	94	2	4070	16.783531
hit	0	94	3	1816	15.581602
hit	0	94	4	140	14.436569
hit	0	94	5	1710	14.052194
hit	0	94	6	1336	13.826651
hit	0	94	7	2962	12.923535
hit	0	94	8	1474	12.625999
hit	0	94	9	1678	12.408483
hit	0	94	10	566	12.321501
time	0	95	1682792
hit	0	95	1	2913	21.220411
hit	0	95	2	2011	21.003405
hit	0	95	3	2663	20.406757
hit	0	95	4	517	20.02625
hit	0	95	5	2170	19.899958
hit	0	95	6	1765	18.789116
hit	0	95	7	2972	17.651253
hit	0	95	8	1190	17.210567
hit	0	95	9	1832	16.958921
hit	0	95	10	1731	16.77775
time	0	96	3920208
hit	0	96	1	3424	31.068565
hit	0	96	2	1190	28.865683
hit	0	96	3	4308	28.736872
hit	0	96	4	3531	27.910654
hit	0	96	5	1044	25.845938
hit	0	96	6	1015	24.70257
hit	0	96	7	593	23.848213
hit	0	96	8	2417	23.065487
hit	0	96	9	2484	22.075129
hit	0	96	10	2622	22.06594
time	0	97	891750
hit	0	97	1	3491	18.452745
hit	0	97	2	3724	16.539871
hit	0	97	3	1958	14.843111
hit	0	97	4	3953	14.822671
hit	0	97	5	537	14.638163
hit	0	97	6	4244	14.577818
hit	0	97	7	3214	14.268656
hit	0	97	8	2736	12.756779
hit	0	97	9	5082	12.342789
hit	0	97	10	1626	12.247915
time	0	98	173208
hit	0	98	1	2905	27.778996
hit	0	98	2	5053	16.139297
hit	0	98	3	5172	14.612995
hit	0	98	4	353	14.158304
hit	0	98	5	4371	12.085213
hit	0	98	6	3617	12.044628
hit	0	98	7	4897	11.860952
hit	0	98	8	1794	11.543804
hit	0	98	9	3839	11.298874
hit	0	98	10	4018	11.257129
time	0	99	505084
hit	0	99	1	2112	35.966408
hit	0	99	2	3315	13.89465
hit	0	99	3	4221	13.652676
hit	0	99	4	4331	12.971532
hit	0	99	5	2915	12.284864
hit	0	99	6	1360	11.841394
hit	0	99	7	3900	11.839162
hit	0	99	8	1739	11.433148
hit	0	99	9	578	11.317188
hit	0	99	10	5047	11.302823
time	0	100	4254667
hit	0	100	1	654	17.631191
hit	0	100	2	113	14.831467
hit	0	100	3	1424	14.8079405
hit	0	100	4	977	14.072534
hit	0	100	5	3693	14.054725
hit	0	100	6	5052	14.034687
hit	0	100	7	4309	13.506595
hit	0	100	8	3894	13.481354
hit	0	100	9	132	13.476067
hit	0	100	10	1621	13.368866
time	0	101	1005542
hit	0	101	1	759	45.509495
hit	0	101	2	93	23.315645
hit	0	101	3	4597	22.86828
hit	0	101	4	3375	19.825321
hit	0	101	5	3533	19.275652
hit	0	101	6	2496	16.208628
hit	0	101	7	140	13.511937
hit	0	101	8	750	13.333332
hit	0	101	9	2962	13.116575
hit	0	101	10	900	13.060279
time	0	102	3477833
hit	0	102	1	87	47.48197
hit	0	102	2	3636	27.468256
hit	0	102	3	3574	24.62383
hit	0	102	4	2275	24.326794
hit	0	102	5	2486	22.68091
hit	0	102	6	4098	21.955833
hit	0	102	7	4921	21.22858
hit	0	102	8	2120	21.221682
hit	0	102	9	4330	21.103539
hit	0	102	10	4661	20.934994
time	0	103	2679792
hit	0	103	1	87	45.523857
hit	0	103	2	2120	25.715307
hit	0	103	3	3636	24.413708
hit	0	103	4	2486	22.62811
hit	0	103	5	2275	21.257587
hit	0	103	6	4921	21.123428
hit	0	103	7	4661	20.837746
hit	0	103	8	2115	20.082193
hit	0	103	9	2269	20.007425
hit	0	103	10	4098	19.570385
time	0	104	2928500
hit	0	104	1	87	46.121315
hit	0	104	2	3636	26.582388
hit	0	104	3	3933	22.69103
hit	0	104	4	2486	22.62811
hit	0	104	5	2115	21.81134
hit	0	104	6	4980	21.473167
hit	0	104	7	2120	21.152851
hit	0	104	8	4921	21.123428
hit	0	104	9	2111	20.948208
hit	0	104	10	18	20.540136
time	0	105	1134042
hit	0	105	1	132	23.085468
hit	0	105	2	3	17.488106
hit	0	105	3	4262	11.397387
hit	0	105	4	4339	10.852246
hit	0	105	5	3924	10.678759
hit	0	105	6	2533	9.816252
hit	0	105	7	4466	9.781155
hit	0	105	8	959	9.227128
hit	0	105	9	289	9.205585
hit	0	105	10	2128	9.202081
time	0	106	1847166
hit	0	106	1	1368	33.61836
hit	0	106	2	3830	30.268497
hit	0	106	3	1393	28.081974
hit	0	106	4	2790	22.839634
hit	0	106	5	4370	21.58533
hit	0	106	6	4740	20.276943
hit	0	106	7	3690	20.223698
hit	0	106	8	2985	19.618954
hit	0	106	9	2539	18.936947
hit	0	106	10	4436	18.291304
time	0	107	2120333
hit	0	107	1	413	52.73234
hit	0	107	2	2706	42.008675
hit	0	107	3	851	41.953934
hit	0	107	4	2715	39.90114
hit	0	107	5	4296	35.763454
hit	0	107	6	1308	31.339699
hit	0	107	7	838	27.795528
hit	0	107	8	2661	23.866772
hit	0	107	9	68	23.435154
hit	0	107	10	4634	22.371996
time	0	108	1809333
hit	0	108	1	1044	27.979609
hit	0	108	2	3424	26.941332
hit	0	108	3	1190	24.235092
hit	0	108	4	4308	21.634378
hit	0	108	5	2484	21.476034
hit	0	108	6	3531	18.826546
hit	0	108	7	593	18.61268
hit	0	108	8	4154	17.476612
hit	0	108	9	1741	17.421936
hit	0	108	10	2055	16.289026
time	0	109	2615542
hit	0	109	1	1131	60.257996
hit	0	109	2	5039	25.18099
hit	0	109	3	527	23.16209
hit	0	109	4	843	17.471405
hit	0	109	5	2037	16.329222
hit	0	109	6	3664	15.53759
hit	0	109	7	4511	15.410719
hit	0	109	8	2946	14.898173
hit	0	109	9	5066	14.731644
hit	0	109	10	319	14.706381
time	0	110	1488625
hit	0	110	1	4833	21.200542
hit	0	110	2	16	19.786167
hit	0	110	3	4086	19.454449
hit	0	110	4	177	19.14609
hit	0	110	5	1370	18.263704
hit	0	110	6	5071	17.925291
hit	0	110	7	3988	17.691334
hit	0	110	8	3872	16.944818
hit	0	110	9	437	16.772877
hit	0	110	10	2754	16.756918
time	0	111	1865292
hit	0	111	1	1807	16.321943
hit	0	111	2	921	15.796379
hit	0	111	3	1305	15.6853695
hit	0	111	4	2055	15.354225
hit	0	111	5	4382	15.051021
hit	0	111	6	3249	14.388097
hit	0	111	7	3077	14.190472
hit	0	111	8	1881	14.129597
hit	0	111	9	4979	13.925432
hit	0	111	10	3965	13.849627
time	0	112	935042
hit	0	112	1	3662	10.052832
hit	0	112	2	1796	10.012003
hit	0	112	3	600	9.045681
hit	0	112	4	1535	7.91421
hit	0	112	5	2478	7.448329
hit	0	112	6	4649	7.2553415
hit	0	112	7	664	7.1865396
hit	0	112	8	1417	6.787057
hit	0	112	9	2294	6.4948564
hit	0	112	10	3795	6.4771605
time	0	113	1743416
hit	0	113	1	558	25.295387
hit	0	113	2	1741	13.985703
hit	0	113	3	2963	13.222175
hit	0	113	4	1098	13.151429
hit	0	113	5	615	12.649628
hit	0	113	6	3424	12.516668
hit	0	113	7	1746	12.395842
hit	0	113	8	4164	12.392474
hit	0	113	9	1093	12.280722
hit	0	113	10	2484	12.229973
time	0	114	1800333
hit	0	114	1	1978	14.463316
hit	0	114	2	3967	14.134356
hit	0	114	3	767	13.934822
hit	0	114	4	1836	13.841683
hit	0	114	5	4413	13.801505
hit	0	114	6	5101	13.63759
hit	0	114	7	4771	13.459112
hit	0	114	8	297	13.297818
hit	0	114	9	4538	12.837253
hit	0	114	10	4807	12.792847
time	0	115	1744542
hit	0	115	1	2612	52.19544
hit	0	115	2	3635	43.63486
hit	0	115	3	4717	41.462006
hit	0	115	4	5158	39.72916
hit	0	115	5	1654	35.380993
hit	0	115	6	575	31.14304
hit	0	115	7	1533	25.70892
hit	0	115	8	4384	25.207901
hit	0	115	9	4772	23.392466
hit	0	115	10	3327	22.118084
time	0	116	2175958
hit	0	116	1	1724	27.51836
hit	0	116	2	130	17.454924
hit	0	116	3	1723	17.323921
hit	0	116	4	4943	16.82951
hit	0	116	5	1240	16.805376
hit	0	116	6	2384	16.516949
hit	0	116	7	731	16.170376
hit	0	116	8	1854	16.063448
hit	0	116	9	1585	16.030598
hit	0	116	10	3747	16.026817
time	0	117	2082417
hit	0	117	1	1724	27.51836
hit	0	117	2	1577	18.966593
hit	0	117	3	130	17.454924
hit	0	117	4	1723	17.323921
hit	0	117	5	4943	16.82951
hit	0	117	6	2384	16.516949
hit	0	117	7	731	16.170376
hit	0	117	8	1585	16.030598
hit	0	117	9	3747	16.026817
hit	0	117	10	3648	15.689018
time	0	118	1746666
hit	0	118	1	1724	31.728065
hit	0	118	2	1560	23.471842
hit	0	118	3	3648	20.253635
hit	0	118	4	4600	16.654308
hit	0	118	5	2513	16.517199
hit	0	118	6	894	16.377693
hit	0	118	7	4993	15.222765
hit	0	118	8	1585	15.150977
hit	0	118	9	4494	15.045147
hit	0	118	10	4674	14.758166
time	0	119	1722417
hit	0	119	1	1724	31.728065
hit	0	119	2	1560	23.471842
hit	0	119	3	3648	20.253635
hit	0	119	4	4600	16.654308
hit	0	119	5	2513	16.517199
hit	0	119	6	894	16.377693
hit	0	119	7	4993	15.222765
hit	0	119	8	1585	15.150977
hit	0	119	9	4494	15.045147
hit	0	119	10	4674	14.758166
time	0	120	2543083
hit	0	120	1	2910	27.83302
hit	0	120	2	217	20.201424
hit	0	120	3	3469	15.070492
hit	0	120	4	3077	15.007509
hit	0	120	5	5069	14.923118
hit	0	120	6	4997	14.896006
hit	0	120	7	4995	14.3587475
hit	0	120	8	1345	14.276723
hit	0	120	9	4068	13.864688
hit	0	120	10	1305	12.677869
time	0	121	2970334
hit	0	121	1	4750	41.898567
hit	0	121	2	75	36.420547
hit	0	121	3	2795	33.294662
hit	0	121	4	1816	16.350042
hit	0	121	5	4070	13.458679
hit	0	121	6	572	12.906241
hit	0	121	7	3221	12.296917
hit	0	121	8	4049	11.257721
hit	0	121	9	4860	10.123258
hit	0	121	10	2268	9.401153
time	0	122	1713417
hit	0	122	1	3899	27.884787
hit	0	122	2	3952	15.80557
hit	0	122	3	4697	14.546952
hit	0	122	4	347	13.487496
hit	0	122	5	3361	12.967649
hit	0	122	6	2741	12.715766
hit	0	122	7	4587	12.592576
hit	0	122	8	4975	11.984125
hit	0	122	9	787	11.753023
hit	0	122	10	4103	11.731403
time	0	123	1791250
hit	0	123	1	3899	27.884787
hit	0	123	2	4697	14.546952
hit	0	123	3	347	13.487496
hit	0	123	4	966	13.105621
hit	0	123	5	1241	13.060795
hit	0	123	6	2741	12.715766
hit	0	123	7	4587	12.592576
hit	0	123	8	3952	12.467896
hit	0	123	9	1730	11.793503
hit	0	123	10	4103	11.731403
time	0	124	2323458
hit	0	124	1	4179	28.940994
hit	0	124	2	3192	28.41122
hit	0	124	3	448	27.106995
hit	0	124	4	2251	18.87088
hit	0	124	5	436	18.100967
hit	0	124	6	1182	16.854301
hit	0	124	7	2751	16.77478
hit	0	124	8	2647	16.356607
hit	0	124	9	1062	16.30825
hit	0	124	10	4304	16.191069
time	0	125	707292
hit	0	125	1	4007	19.145477
hit	0	125	2	1978	16.032818
hit	0	125	3	2769	14.534615
hit	0	125	4	3359	13.189652
hit	0	125	5	61	12.058678
hit	0	125	6	1778	10.963814
hit	0	125	7	3051	10.692312
hit	0	125	8	4650	10.55413
hit	0	125	9	2546	10.36401
hit	0	125	10	4572	10.150549
time	0	126	1539000
hit	0	126	1	4616	18.759678
hit	0	126	2	4441	16.20166
hit	0	126	3	3589	14.288425
hit	0	126	4	3646	13.886442
hit	0	126	5	4219	12.076616
hit	0	126	6	4583	11.871743
hit	0	126	7	1030	11.687381
hit	0	126	8	1083	11.44186
hit	0	126	9	1326	11.069118
hit	0	126	10	2623	10.999067
time	0	127	425708
hit	0	127	1	952	32.224396
hit	0	127	2	2320	28.272331
hit	0	127	3	2029	22.946331
hit	0	127	4	2600	19.811249
hit	0	127	5	841	18.785824
hit	0	127	6	4040	17.889881
hit	0	127	7	2522	17.574318
hit	0	127	8	1978	15.539995
hit	0	127	9	1762	15.189616
hit	0	127	10	1410	15.1531925
time	0	128	361292
hit	0	128	1	2320	28.887665
hit	0	128	2	952	28.757328
hit	0	128	3	2029	22.946331
hit	0	128	4	841	18.785824
hit	0	128	5	4040	17.889881
hit	0	128	6	2522	17.574318
hit	0	128	7	2600	16.393578
hit	0	128	8	1978	16.178669
hit	0	128	9	4400	15.638691
hit	0	128	10	1410	15.1531925
time	0	129	1337417
hit	0	129	1	3251	27.160995
hit	0	129	2	3032	23.594957
hit	0	129	3	4119	22.560802
hit	0	129	4	178	20.739655
hit	0	129	5	2456	20.712105
hit	0	129	6	4280	19.644268
hit	0	129	7	4585	16.956816
hit	0	129	8	3680	16.945053
hit	0	129	9	2168	16.782907
hit	0	129	10	637	16.59165
time	0	130	126209
hit	0	130	1	3371	22.567608
hit	0	130	2	5129	22.312122
hit	0	130	3	3083	17.465504
hit	0	130	4	952	16.156048
hit	0	130	5	2820	14.691578
hit	0	130	6	466	14.4113865
hit	0	130	7	3639	13.436331
hit	0	130	8	1601	12.444578
hit	0	130	9	3823	12.403911
hit	0	130	10	2453	12.338627
time	0	131	97417
hit	0	131	1	3371	26.178196
hit	0	131	2	5129	22.312122
hit	0	131	3	3083	17.465504
hit	0	131	4	2820	14.691578
hit	0	131	5	466	14.4113865
hit	0	131	6	952	12.688979
hit	0	131	7	1601	12.444578
hit	0	131	8	3823	12.403911
hit	0	131	9	3207	11.955412
hit	0	131	10	2428	11.217275
time	0	132	2461459
hit	0	132	1	240	69.662476
hit	0	132	2	4207	56.20431
hit	0	132	3	3189	36.872726
hit	0	132	4	4319	31.563763
hit	0	132	5	2134	26.141008
hit	0	132	6	3958	22.583138
hit	0	132	7	4926	21.822617
hit	0	132	8	1208	21.247185
hit	0	132	9	1791	19.17397
hit	0	132	10	2382	18.48648
time	0	133	2026042
hit	0	133	1	4185	40.37471
hit	0	133	2	4922	34.5699
hit	0	133	3	4171	31.800009
hit	0	133	4	440	23.888779
hit	0	133	5	175	23.141682
hit	0	133	6	1937	22.588951
hit	0	133	7	1685	22.067078
hit	0	133	8	1192	21.234604
hit	0	133	9	3735	20.956287
hit	0	133	10	1973	19.856903
time	0	134	1246834
hit	0	134	1	746	44.463013
hit	0	134	2	4874	27.106369
hit	0	134	3	3444	19.750397
hit	0	134	4	4087	13.669939
hit	0	134	5	4981	13.3291445
hit	0	134	6	617	11.3667345
hit	0	134	7	5130	11.083421
hit	0	134	8	650	10.683886
hit	0	134	9	710	10.4753475
hit	0	134	10	4701	10.428035
time	0	135	2004667
hit	0	135	1	136	25.550064
hit	0	135	2	3055	19.9338
hit	0	135	3	1687	17.750355
hit	0	135	4	1031	17.72192
hit	0	135	5	5130	17.251347
hit	0	135	6	3766	17.035416
hit	0	135	7	2068	16.937048
hit	0	135	8	3244	15.965851
hit	0	135	9	2851	15.134615
hit	0	135	10	3814	15.082156
time	0	136	3892666
hit	0	136	1	1559	53.44485
hit	0	136	2	2824	35.2201
hit	0	136	3	31	33.222042
hit	0	136	4	2138	31.323957
hit	0	136	5	156	24.947754
hit	0	136	6	398	23.7342
hit	0	136	7	4985	22.73
hit	0	136	8	4401	22.292116
hit	0	136	9	4686	21.80677
hit	0	136	10	4514	21.209097
time	0	137	2910167
hit	0	137	1	3576	35.681538
hit	0	137	2	2037	32.70361
hit	0	137	3	113	29.415413
hit	0	137	4	5105	26.383549
hit	0	137	5	973	23.944597
hit	0	137	6	2380	20.641155
hit	0	137	7	4704	19.817657
hit	0	137	8	2110	19.708971
hit	0	137	9	3267	18.892992
hit	0	137	10	4947	18.703335
time	0	138	2432209
hit	0	138	1	3364	27.054062
hit	0	138	2	817	26.617046
hit	0	138	3	2651	24.670334
hit	0	138	4	681	23.991295
hit	0	138	5	558	23.806261
hit	0	138	6	3932	23.30289
hit	0	138	7	2033	22.956373
hit	0	138	8	4095	22.673447
hit	0	138	9	1443	21.748056
hit	0	138	10	144	20.366627
time	0	139	2880209
hit	0	139	1	1018	28.260164
hit	0	139	2	928	25.54846
hit	0	139	3	4575	20.159786
hit	0	139	4	406	17.046526
hit	0	139	5	4554	15.968004
hit	0	139	6	4802	15.653774
hit	0	139	7	2086	14.838162
hit	0	139	8	3267	14.413651
hit	0	139	9	2095	14.304998
hit	0	139	10	1830	13.602471
time	0	140	3542084
hit	0	140	1	3681	33.650547
hit	0	140	2	3899	15.888676
hit	0	140	3	2062	15.873988
hit	0	140	4	347	14.366908
hit	0	140	5	4596	13.269122
hit	0	140	6	3361	13.130335
hit	0	140	7	2741	12.946833
hit	0	140	8	6	11.970987
hit	0	140	9	3942	11.506331
hit	0	140	10	2049	11.358911
time	0	141	1949000
hit	0	141	1	710	25.379234
hit	0	141	2	764	24.72571
hit	0	141	3	3068	24.48647
hit	0	141	4	2317	24.431969
hit	0	141	5	993	21.366117
hit	0	141	6	1734	18.650923
hit	0	141	7	4448	18.519894
hit	0	141	8	2444	17.781013
hit	0	141	9	2664	16.751345
hit	0	141	10	489	16.457483
time	0	142	4842875
hit	0	142	1	4299	34.987816
hit	0	142	2	2552	27.272566
hit	0	142	3	2289	21.115795
hit	0	142	4	2670	20.209316
hit	0	142	5	3862	20.02665
hit	0	142	6	746	18.006847
hit	0	142	7	2446	17.387608
hit	0	142	8	3477	17.320518
hit	0	142	9	2870	16.91898
hit	0	142	10	457	16.344206
time	0	143	261417
hit	0	143	1	4965	13.959267
hit	0	143	2	2235	13.953707
hit	0	143	3	1285	13.472479
hit	0	143	4	4112	13.006396
hit	0	143	5	1536	12.930122
hit	0	143	6	4110	12.878569
hit	0	143	7	1444	11.752991
hit	0	143	8	4526	11.670647
hit	0	143	9	554	11.626028
hit	0	143	10	1370	10.591355
time	0	144	2688375
hit	0	144	1	1263	30.280758
hit	0	144	2	897	17.452976
hit	0	144	3	3278	16.305885
hit	0	144	4	3903	13.82869
hit	0	144	5	2238	13.40069
hit	0	144	6	329	13.300959
hit	0	144	7	1912	13.025646
hit	0	144	8	1872	12.002693
hit	0	144	9	4219	11.800141
hit	0	144	10	46	11.74204
time	0	145	1230750
hit	0	145	1	2025	32.927975
hit	0	145	2	2162	21.29302
hit	0	145	3	3327	18.64804
hit	0	145	4	989	14.724094
hit	0	145	5	1368	14.505209
hit	0	145	6	1533	12.318369
hit	0	145	7	855	11.971995
hit	0	145	8	720	11.611733
hit	0	145	9	2093	11.204624
hit	0	145	10	1620	10.880126
time	0	146	2147958
hit	0	146	1	1418	42.63304
hit	0	146	2	2093	32.93711
hit	0	146	3	4384	30.503164
hit	0	146	4	4784	29.00388
hit	0	146	5	4024	28.87595
hit	0	146	6	3970	26.281736
hit	0	146	7	3515	23.870193
hit	0	146	8	3211	23.36076
hit	0	146	9	2612	22.951942
hit	0	146	10	2315	22.838203
time	0	147	1829916
hit	0	147	1	1124	36.962784
hit	0	147	2	2023	27.809784
hit	0	147	3	4960	21.713316
hit	0	147	4	1033	17.579311
hit	0	147	5	2879	17.570435
hit	0	147	6	2274	16.782425
hit	0	147	7	5089	16.736818
hit	0	147	8	4455	16.355724
hit	0	147	9	2068	16.159254
hit	0	147	10	2281	15.992596
time	0	148	1428167
hit	0	148	1	4976	44.484383
hit	0	148	2	3165	16.251774
hit	0	148	3	1249	14.052698
hit	0	148	4	1345	13.509747
hit	0	148	5	1241	12.581228
hit	0	148	6	368	12.322614
hit	0	148	7	1760	12.143423
hit	0	148	8	3091	11.619886
hit	0	148	9	200	11.609842
hit	0	148	10	971	11.590149
time	0	149	2044417
hit	0	149	1	3780	29.622292
hit	0	149	2	3108	23.598253
hit	0	149	3	1334	22.94238
hit	0	149	4	3418	19.473904
hit	0	149	5	1034	19.372505
hit	0	149	6	1487	16.246206
hit	0	149	7	1784	16.068396
hit	0	149	8	253	15.931508
hit	0	149	9	2011	15.663158
hit	0	149	10	1295	15.559483
time	0	150	3096000
hit	0	150	1	3513	35.909866
hit	0	150	2	3509	23.826246
hit	0	150	3	4193	23.821901
hit	0	150	4	737	21.088919
hit	0	150	5	813	20.982864
hit	0	150	6	3210	20.279871
hit	0	150	7	916	19.68342
hit	0	150	8	4753	19.091505
hit	0	150	9	3872	18.743988
hit	0	150	10	5157	18.47088
time	0	151	2882208
hit	0	151	1	1387	28.588034
hit	0	151	2	1164	18.80126
hit	0	151	3	99	17.522606
hit	0	151	4	4439	16.608196
hit	0	151	5	197	16.391022
hit	0	151	6	4548	15.509726
hit	0	151	7	2117	15.496092
hit	0	151	8	2674	14.297824
hit	0	151	9	2922	14.291206
hit	0	151	10	2890	14.173408
time	0	152	2419917
hit	0	152	1	4227	34.0904
hit	0	152	2	4367	19.829306
hit	0	152	3	4929	17.933006
hit	0	152	4	4962	17.790134
hit	0	152	5	1613	17.219095
hit	0	152	6	2382	16.648754
hit	0	152	7	1275	16.431465
hit	0	152	8	371	16.108112
hit	0	152	9	733	15.763314
hit	0	152	10	3034	15.212708
time	0	153	2259291
hit	0	153	1	43	26.159063
hit	0	153	2	4402	23.758419
hit	0	153	3	5143	20.825344
hit	0	153	4	402	18.329742
hit	0	153	5	925	17.568167
hit	0	153	6	3065	16.772469
hit	0	153	7	1558	16.594032
hit	0	153	8	303	15.828478
hit	0	153	9	2323	15.699554
hit	0	153	10	5173	15.653
time	0	154	1998208
hit	0	154	1	1065	37.288944
hit	0	154	2	3778	23.412312
hit	0	154	3	1706	20.23429
hit	0	154	4	314	17.592203
hit	0	154	5	3878	15.767811
hit	0	154	6	1879	15.43273
hit	0	154	7	1280	14.821674
hit	0	154	8	3205	14.750681
hit	0	154	9	430	14.20541
hit	0	154	10	351	14.121897
time	0	155	2721375
hit	0	155	1	1779	17.348913
hit	0	155	2	2134	16.926056
hit	0	155	3	221	12.522805
hit	0	155	4	2708	11.864546
hit	0	155	5	1957	10.820108
hit	0	155	6	4140	10.378879
hit	0	155	7	3582	9.732784
hit	0	155	8	4019	8.988026
hit	0	155	9	1728	8.814833
hit	0	155	10	4101	8.656747
time	0	156	1639209
hit	0	156	1	4789	49.52891
hit	0	156	2	4141	33.26348
hit	0	156	3	3777	28.61213
hit	0	156	4	1670	23.261723
hit	0	156	5	595	21.997644
hit	0	156	6	2011	18.27432
hit	0	156	7	4675	17.72977
hit	0	156	8	3037	16.4227
hit	0	156	9	4047	12.451818
hit	0	156	10	2663	12.34529
time	0	157	2607208
hit	0	157	1	848	36.13668
hit	0	157	2	252	21.191925
hit	0	157	3	978	20.73124
hit	0	157	4	2846	20.254417
hit	0	157	5	692	19.608831
hit	0	157	6	2079	18.808537
hit	0	157	7	2374	17.049202
hit	0	157	8	3264	15.646292
hit	0	157	9	2900	13.76253
hit	0	157	10	3775	13.461181
time	0	158	2451833
hit	0	158	1	848	33.215405
hit	0	158	2	978	20.73124
hit	0	158	3	2846	20.254417
hit	0	158	4	692	19.608831
hit	0	158	5	2079	18.808537
hit	0	158	6	252	18.160488
hit	0	158	7	2374	17.049202
hit	0	158	8	2900	13.76253
hit	0	158	9	3264	13.731573
hit	0	158	10	588	13.198369
time	0	159	2841917
hit	0	159	1	4139	37.593426
hit	0	159	2	377	35.6656
hit	0	159	3	1364	28.628302
hit	0	159	4	1659	25.630285
hit	0	159	5	2290	21.918524
hit	0	159	6	4472	20.186977
hit	0	159	7	4213	18.561615
hit	0	159	8	1553	15.66516
hit	0	159	9	512	15.455929
hit	0	159	10	4286	15.031771
time	0	160	2655750
hit	0	160	1	3687	37.770985
hit	0	160	2	1284	36.25579
hit	0	160	3	4474	16.188805
hit	0	160	4	4045	15.558563
hit	0	160	5	3866	14.838804
hit	0	160	6	2629	14.823044
hit	0	160	7	3981	14.506893
hit	0	160	8	1008	13.754383
hit	0	160	9	18	13.292081
hit	0	160	10	1238	13.165646
time	0	161	2072666
hit	0	161	1	3604	11.9018545
hit	0	161	2	3197	10.270899
hit	0	161	3	2910	9.745248
hit	0	161	4	1973	9.522216
hit	0	161	5	4496	9.478051
hit	0	161	6	3535	9.400343
hit	0	161	7	3077	9.118711
hit	0	161	8	3768	8.975488
hit	0	161	9	1767	8.950974
hit	0	161	10	1777	8.87582
time	0	162	2384833
hit	0	162	1	1506	28.596544
hit	0	162	2	1931	28.56975
hit	0	162	3	151	28.525328
hit	0	162	4	3371	27.98845
hit	0	162	5	2794	27.66898
hit	0	162	6	2378	27.365993
hit	0	162	7	691	27.016598
hit	0	162	8	4405	26.79367
hit	0	162	9	2110	26.674711
hit	0	162	10	2265	26.41399
time	0	163	2701666
hit	0	163	1	798	36.913017
hit	0	163	2	4870	19.779205
hit	0	163	3	984	16.928738
hit	0	163	4	394	14.518575
hit	0	163	5	642	14.417704
hit	0	163	6	1269	14.048692
hit	0	163	7	838	13.915505
hit	0	163	8	4928	13.473195
hit	0	163	9	1267	13.211708
hit	0	163	10	2043	13.181121
time	0	164	3560375
hit	0	164	1	3616	26.142134
hit	0	164	2	3516	25.741165
hit	0	164	3	4354	25.086504
hit	0	164	4	2064	24.852053
hit	0	164	5	4359	21.689135
hit	0	164	6	4405	21.665483
hit	0	164	7	3128	20.977243
hit	0	164	8	2206	20.169317
hit	0	164	9	3146	19.501534
hit	0	164	10	4374	18.945007
time	0	165	3032875
hit	0	165	1	1337	26.482054
hit	0	165	2	3954	23.958113
hit	0	165	3	1137	16.271175
hit	0	165	4	4284	15.439404
hit	0	165	5	4556	14.319939
hit	0	165	6	4176	13.896488
hit	0	165	7	1140	13.869032
hit	0	165	8	910	13.560947
hit	0	165	9	3947	13.136868
hit	0	165	10	5099	12.390386
time	0	166	2933041
hit	0	166	1	1337	26.482054
hit	0	166	2	3954	23.958113
hit	0	166	3	1137	16.271175
hit	0	166	4	4284	15.439404
hit	0	166	5	4556	14.319939
hit	0	166	6	4176	13.896488
hit	0	166	7	1140	13.869032
hit	0	166	8	910	13.560947
hit	0	166	9	3947	13.136868
hit	0	166	10	3608	12.93877
time	0	167	2164208
hit	0	167	1	21	35.509106
hit	0	167	2	1096	25.96468
hit	0	167	3	195	23.783827
hit	0	167	4	2754	23.643957
hit	0	167	5	287	23.601929
hit	0	167	6	4965	22.559868
hit	0	167	7	488	22.423565
hit	0	167	8	327	22.315567
hit	0	167	9	677	22.035975
hit	0	167	10	1313	21.402313
time	0	168	875792
hit	0	168	1	4616	13.910008
hit	0	168	2	1298	13.85602
hit	0	168	3	103	13.219795
hit	0	168	4	4103	13.114942
hit	0	168	5	3927	12.414816
hit	0	168	6	1031	12.252966
hit	0	168	7	78	11.932957
hit	0	168	8	2732	11.879402
hit	0	168	9	1356	11.8141575
hit	0	168	10	2057	10.974511
time	0	169	3525708
hit	0	169	1	2058	11.628611
hit	0	169	2	1459	11.5134
hit	0	169	3	3087	10.824429
hit	0	169	4	1994	10.135458
hit	0	169	5	4900	9.962383
hit	0	169	6	4965	9.899578
hit	0	169	7	4727	9.772137
hit	0	169	8	4417	9.173671
hit	0	169	9	4361	9.1221695
hit	0	169	10	1405	8.887687
time	0	170	5070875
hit	0	170	1	3224	31.66607
hit	0	170	2	824	29.989351
hit	0	170	3	1387	23.443024
hit	0	170	4	2811	22.897041
hit	0	170	5	83	22.856396
hit	0	170	6	2323	21.898102
hit	0	170	7	2957	21.882494
hit	0	170	8	3632	21.810705
hit	0	170	9	1006	21.78228
hit	0	170	10	4401	21.76218
time	0	171	3939042
hit	0	171	1	1341	23.017818
hit	0	171	2	587	17.998892
hit	0	171	3	670	15.262072
hit	0	171	4	1305	14.546977
hit	0	171	5	2496	14.1929245
hit	0	171	6	943	13.887991
hit	0	171	7	1306	13.431752
hit	0	171	8	202	13.328678
hit	0	171	9	4285	13.161537
hit	0	171	10	257	13.153799
time	0	172	1087667
hit	0	172	1	4395	37.19377
hit	0	172	2	4345	33.412315
hit	0	172	3	4587	14.580116
hit	0	172	4	521	14.490917
hit	0	172	5	4612	14.469632
hit	0	172	6	936	14.323261
hit	0	172	7	1343	12.924213
hit	0	172	8	2118	12.690725
hit	0	172	9	5079	12.587782
hit	0	172	10	4949	12.392367
time	0	173	3512583
hit	0	173	1	4341	23.651773
hit	0	173	2	3841	17.59456
hit	0	173	3	954	17.258907
hit	0	173	4	4995	16.356182
hit	0	173	5	3077	15.280639
hit	0	173	6	5069	14.990241
hit	0	173	7	4871	14.951482
hit	0	173	8	1435	14.668053
hit	0	173	9	84	14.532362
hit	0	173	10	4750	14.37192
time	0	174	1642916
hit	0	174	1	587	20.587624
hit	0	174	2	1341	15.579717
hit	0	174	3	1173	12.443732
hit	0	174	4	3765	12.4277935
hit	0	174	5	4599	11.1611395
hit	0	174	6	458	10.76914
hit	0	174	7	1101	10.282957
hit	0	174	8	281	9.756144
hit	0	174	9	4234	9.636639
hit	0	174	10	39	9.489043
time	0	175	1875792
hit	0	175	1	391	24.831364
hit	0	175	2	1327	17.781404
hit	0	175	3	3595	14.961732
hit	0	175	4	3768	12.392923
hit	0	175	5	2437	11.980253
hit	0	175	6	3809	11.775888
hit	0	175	7	20	11.716779
hit	0	175	8	4066	11.634693
hit	0	175	9	4873	11.563223
hit	0	175	10	3589	11.522585
time	0	176	1404333
hit	0	176	1	1252	16.797638
hit	0	176	2	1710	15.762194
hit	0	176	3	2283	15.42215
hit	0	176	4	4452	15.022282
hit	0	176	5	2177	14.95701
hit	0	176	6	4667	13.345003
hit	0	176	7	4910	11.800098
hit	0	176	8	794	11.756947
hit	0	176	9	3066	11.301907
hit	0	176	10	452	10.981688
time	0	177	2210708
hit	0	177	1	4622	17.942997
hit	0	177	2	2182	17.601572
hit	0	177	3	747	13.856805
hit	0	177	4	2181	12.998146
hit	0	177	5	1544	12.897238
hit	0	177	6	4606	12.320551
hit	0	177	7	498	12.255654
hit	0	177	8	4539	11.882111
hit	0	177	9	966	11.847058
hit	0	177	10	3111	11.025843
time	0	178	2649625
hit	0	178	1	2915	37.855774
hit	0	178	2	4698	34.612583
hit	0	178	3	3239	28.573109
hit	0	178	4	1012	25.032253
hit	0	178	5	273	24.766884
hit	0	178	6	4665	23.466587
hit	0	178	7	799	22.80336
hit	0	178	8	3472	21.449476
hit	0	178	9	1957	21.34662
hit	0	178	10	1497	20.907999
time	0	179	2259208
hit	0	179	1	2398	23.874584
hit	0	179	2	1313	16.984867
hit	0	179	3	54	15.801882
hit	0	179	4	3640	15.341656
hit	0	179	5	287	14.743647
hit	0	179	6	2221	14.471111
hit	0	179	7	18	13.621425
hit	0	179	8	3231	13.619172
hit	0	179	9	3798	13.5490265
hit	0	179	10	72	13.357481
time	0	180	1999875
hit	0	180	1	4068	23.474323
hit	0	180	2	5000	21.583652
hit	0	180	3	2187	18.464556
hit	0	180	4	2099	16.419815
hit	0	180	5	1746	14.813292
hit	0	180	6	640	14.7967205
hit	0	180	7	479	14.363946
hit	0	180	8	2635	14.126345
hit	0	180	9	3077	14.038408
hit	0	180	10	1741	13.985703
time	0	181	562750
hit	0	181	1	502	18.723501
hit	0	181	2	423	17.3853
hit	0	181	3	3327	15.138222
hit	0	181	4	3635	14.589595
hit	0	181	5	215	14.266004
hit	0	181	6	3263	13.521634
hit	0	181	7	2442	12.913555
hit	0	181	8	2168	12.902887
hit	0	181	9	968	12.148092
hit	0	181	10	4752	11.911143
time	0	182	3714625
hit	0	182	1	3998	49.659187
hit	0	182	2	1832	48.17943
hit	0	182	3	3382	47.600697
hit	0	182	4	2972	41.75605
hit	0	182	5	2410	37.445145
hit	0	182	6	1765	35.928406
hit	0	182	7	5100	35.66119
hit	0	182	8	4229	35.511253
hit	0	182	9	2913	34.223114
hit	0	182	10	2884	30.602612
time	0	183	3206792
hit	0	183	1	2838	51.471466
hit	0	183	2	1530	45.005062
hit	0	183	3	1382	40.19547
hit	0	183	4	1711	37.188046
hit	0	183	5	2522	33.36812
hit	0	183	6	3290	32.02632
hit	0	183	7	1564	31.251034
hit	0	183	8	1740	30.508102
hit	0	183	9	5075	30.407259
hit	0	183	10	1670	29.319893
time	0	184	1504750
hit	0	184	1	1468	16.50132
hit	0	184	2	3074	13.190789
hit	0	184	3	2935	12.931732
hit	0	184	4	328	12.719961
hit	0	184	5	3002	12.692496
hit	0	184	6	2061	12.610581
hit	0	184	7	2410	12.606823
hit	0	184	8	4703	12.592188
hit	0	184	9	2151	12.514597
hit	0	184	10	4449	12.022042
time	0	185	3202833
hit	0	185	1	3225	53.83888
hit	0	185	2	2903	44.084274
hit	0	185	3	2836	37.500744
hit	0	185	4	2315	35.587967
hit	0	185	5	3160	31.5887
hit	0	185	6	1244	29.557621
hit	0	185	7	5158	28.715239
hit	0	185	8	3635	24.678543
hit	0	185	9	1805	23.54919
hit	0	185	10	1599	21.561258
time	0	186	4496542
hit	0	186	1	577	39.676785
hit	0	186	2	3668	26.780903
hit	0	186	3	1759	25.971935
hit	0	186	4	2851	23.636816
hit	0	186	5	4061	22.528515
hit	0	186	6	2125	22.359472
hit	0	186	7	4381	21.928064
hit	0	186	8	3347	21.865847
hit	0	186	9	3871	21.3783
hit	0	186	10	4505	21.364916
time	0	187	2095917
hit	0	187	1	1023	36.74555
hit	0	187	2	3516	28.652632
hit	0	187	3	3944	21.832146
hit	0	187	4	3880	21.788715
hit	0	187	5	3848	21.60318
hit	0	187	6	2457	21.127956
hit	0	187	7	5071	20.808205
hit	0	187	8	2968	20.407284
hit	0	187	9	4440	20.10481
hit	0	187	10	2644	18.921484
time	0	188	3363709
hit	0	188	1	4305	104.79798
hit	0	188	2	2021	62.02484
hit	0	188	3	1961	34.992294
hit	0	188	4	2211	28.733685
hit	0	188	5	3974	25.30338
hit	0	188	6	2120	24.41738
hit	0	188	7	2688	24.143148
hit	0	188	8	1638	23.937862
hit	0	188	9	673	23.552828
hit	0	188	10	3142	23.130247
time	0	189	2657917
hit	0	189	1	4068	28.026457
hit	0	189	2	4774	19.700207
hit	0	189	3	2484	19.521759
hit	0	189	4	1746	18.397217
hit	0	189	5	6	17.718351
hit	0	189	6	4275	16.78251
hit	0	189	7	2818	16.143751
hit	0	189	8	864	15.406058
hit	0	189	9	3795	14.257245
hit	0	189	10	1881	14.009501
time	0	190	1129709
hit	0	190	1	464	19.735466
hit	0	190	2	4792	11.627996
hit	0	190	3	2093	10.697666
hit	0	190	4	624	10.379038
hit	0	190	5	951	10.291227
hit	0	190	6	4239	10.119275
hit	0	190	7	3187	9.91806
hit	0	190	8	1438	9.253731
hit	0	190	9	855	9.205957
hit	0	190	10	1422	8.886857
time	0	191	1147083
hit	0	191	1	464	19.735466
hit	0	191	2	4792	11.627996
hit	0	191	3	1280	11.469567
hit	0	191	4	2093	10.697666
hit	0	191	5	624	10.379038
hit	0	191	6	4239	10.119275
hit	0	191	7	3187	9.91806
hit	0	191	8	1438	9.253731
hit	0	191	9	855	9.205957
hit	0	191	10	1422	8.886857
time	0	192	2217750
hit	0	192	1	1736	17.761559
hit	0	192	2	512	17.203522
hit	0	192	3	3486	16.325546
hit	0	192	4	893	15.707238
hit	0	192	5	3863	15.542631
hit	0	192	6	2654	15.479246
hit	0	192	7	3074	15.316019
hit	0	192	8	2919	14.751739
hit	0	192	9	2954	14.7306595
hit	0	192	10	56	14.407034
time	0	193	1150917
hit	0	193	1	1008	15.563639
hit	0	193	2	2159	14.434161
hit	0	193	3	329	14.047287
hit	0	193	4	5055	12.399729
hit	0	193	5	2089	11.495721
hit	0	193	6	5033	11.127517
hit	0	193	7	1855	10.937032
hit	0	193	8	4778	10.617755
hit	0	193	9	2507	10.296951
hit	0	193	10	4039	9.856592
time	0	194	1915125
hit	0	194	1	512	23.581581
hit	0	194	2	284	14.317447
hit	0	194	3	302	14.220925
hit	0	194	4	1750	13.452231
hit	0	194	5	4472	13.378549
hit	0	194	6	2615	12.124786
hit	0	194	7	657	11.6758375
hit	0	194	8	4286	11.555704
hit	0	194	9	1630	11.400433
hit	0	194	10	3302	11.353245
time	0	195	2314541
hit	0	195	1	3606	32.166496
hit	0	195	2	3040	31.544258
hit	0	195	3	5165	30.56536
hit	0	195	4	5138	30.482649
hit	0	195	5	3172	30.106209
hit	0	195	6	2256	29.063223
hit	0	195	7	980	28.60126
hit	0	195	8	1835	28.080889
hit	0	195	9	4607	27.362074
hit	0	195	10	1419	27.317425
time	0	196	1622667
hit	0	196	1	1155	26.044575
hit	0	196	2	826	20.78314
hit	0	196	3	4134	19.61684
hit	0	196	4	1867	18.550085
hit	0	196	5	2276	17.875507
hit	0	196	6	263	17.173351
hit	0	196	7	284	16.833956
hit	0	196	8	1054	16.299109
hit	0	196	9	2906	16.258165
hit	0	196	10	1834	15.194145
time	0	197	853250
hit	0	197	1	82	16.460709
hit	0	197	2	267	14.863288
hit	0	197	3	4572	14.302376
hit	0	197	4	2596	14.192138
hit	0	197	5	2981	13.3162365
hit	0	197	6	4490	12.791714
hit	0	197	7	4212	11.880752
hit	0	197	8	3923	11.867598
hit	0	197	9	1010	11.792003
hit	0	197	10	4021	11.544165
time	0	198	528916
hit	0	198	1	5073	35.614044
hit	0	198	2	5095	15.322567
hit	0	198	3	1479	14.0300865
hit	0	198	4	2865	13.220604
hit	0	198	5	4773	13.093655
hit	0	198	6	1218	12.257567
hit	0	198	7	2333	11.983337
hit	0	198	8	3092	11.760083
hit	0	198	9	3862	11.088545
hit	0	198	10	4476	10.639048
time	0	199	3590500
hit	0	199	1	4996	42.519066
hit	0	199	2	4387	29.952257
hit	0	199	3	3227	29.287205
hit	0	199	4	2526	25.197773
hit	0	199	5	4231	24.678253
hit	0	199	6	2626	23.158667
hit	0	199	7	1979	22.812454
hit	0	199	8	3112	22.162182
hit	0	199	9	2705	22.062605
hit	0	199	10	1589	21.982212
time	0	200	6164417
hit	0	200	1	813	47.98382
hit	0	200	2	741	31.727371
hit	0	200	3	2688	31.255882
hit	0	200	4	1678	28.31486
hit	0	200	5	107	26.950417
hit	0	200	6	3487	25.463818
hit	0	200	7	104	23.984476
hit	0	200	8	211	23.522163
hit	0	200	9	562	21.565372
hit	0	200	10	5044	16.713533
time	0	201	2499000
hit	0	201	1	4265	25.43971
hit	0	201	2	838	24.57591
hit	0	201	3	5162	24.489552
hit	0	201	4	2822	23.038599
hit	0	201	5	3813	21.776308
hit	0	201	6	2706	21.351027
hit	0	201	7	68	19.688581
hit	0	201	8	4170	18.827229
hit	0	201	9	2618	18.005138
hit	0	201	10	1264	17.416157
time	0	202	1500667
hit	0	202	1	4139	55.949726
hit	0	202	2	247	26.150711
hit	0	202	3	1857	25.47746
hit	0	202	4	675	23.923252
hit	0	202	5	3264	21.57033
hit	0	202	6	3953	19.786413
hit	0	202	7	3995	19.52152
hit	0	202	8	2548	19.349194
hit	0	202	9	3143	19.30378
hit	0	202	10	284	18.243338
time	0	203	3185042
hit	0	203	1	1906	22.68736
hit	0	203	2	1387	20.510986
hit	0	203	3	4226	20.077051
hit	0	203	4	2748	19.668612
hit	0	203	5	180	19.164629
hit	0	203	6	1332	19.153528
hit	0	203	7	799	18.63663
hit	0	203	8	531	18.389389
hit	0	203	9	1457	18.262842
hit	0	203	10	785	18.242125
time	0	204	2210542
hit	0	204	1	2045	21.289532
hit	0	204	2	2980	18.12632
hit	0	204	3	463	16.894234
hit	0	204	4	3889	16.80621
hit	0	204	5	3492	16.359098
hit	0	204	6	3589	15.999585
hit	0	204	7	4313	15.539994
hit	0	204	8	1719	15.192713
hit	0	204	9	122	15.174284
hit	0	204	10	2286	15.160986
time	0	205	1474166
hit	0	205	1	4139	55.949726
hit	0	205	2	247	26.150711
hit	0	205	3	1857	25.47746
hit	0	205	4	675	23.923252
hit	0	205	5	3264	21.57033
hit	0	205	6	3953	19.786413
hit	0	205	7	3995	19.52152
hit	0	205	8	2548	19.349194
hit	0	205	9	3143	19.30378
hit	0	205	10	284	18.243338
time	0	206	2422875
hit	0	206	1	1089	18.437399
hit	0	206	2	2624	15.636124
hit	0	206	3	3155	15.632541
hit	0	206	4	4969	14.701103
hit	0	206	5	2077	14.700266
hit	0	206	6	4851	14.311661
hit	0	206	7	2537	14.271706
hit	0	206	8	2643	14.187477
hit	0	206	9	3779	14.16489
hit	0	206	10	3607	13.937789
time	0	207	3204875
hit	0	207	1	4831	23.766626
hit	0	207	2	3759	22.16002
hit	0	207	3	87	19.229637
hit	0	207	4	1809	18.630756
hit	0	207	5	2250	18.610933
hit	0	207	6	1039	18.593018
hit	0	207	7	2092	18.366798
hit	0	207	8	1738	18.301065
hit	0	207	9	1330	17.98787
hit	0	207	10	3684	17.858513
time	0	208	2786708
hit	0	208	1	4974	46.13577
hit	0	208	2	3271	13.283602
hit	0	208	3	706	11.552818
hit	0	208	4	758	11.4387455
hit	0	208	5	2999	11.2911625
hit	0	208	6	3165	10.754132
hit	0	208	7	4395	10.540523
hit	0	208	8	189	10.519353
hit	0	208	9	3406	10.297029
hit	0	208	10	357	10.207639
time	0	209	4314625
hit	0	209	1	2408	28.3603
hit	0	209	2	1134	28.17409
hit	0	209	3	1699	26.864857
hit	0	209	4	4640	26.244678
hit	0	209	5	3660	24.845472
hit	0	209	6	4200	23.24419
hit	0	209	7	4918	22.015556
hit	0	209	8	333	21.297447
hit	0	209	9	4674	21.123621
hit	0	209	10	2315	20.560999
time	0	210	3042666
hit	0	210	1	149	73.94401
hit	0	210	2	2382	26.57499
hit	0	210	3	4721	24.314655
hit	0	210	4	446	23.79158
hit	0	210	5	340	23.37764
hit	0	210	6	109	23.327053
hit	0	210	7	1246	21.317911
hit	0	210	8	1030	21.241652
hit	0	210	9	4105	20.960598
hit	0	210	10	1302	20.444265
time	0	211	2565500
hit	0	211	1	1474	31.774214
hit	0	211	2	3331	19.360668
hit	0	211	3	3001	18.760048
hit	0	211	4	1662	18.191761
hit	0	211	5	4606	16.232841
hit	0	211	6	2200	16.07876
hit	0	211	7	4654	15.642193
hit	0	211	8	4907	15.150814
hit	0	211	9	1383	14.820684
hit	0	211	10	3115	14.809507
time	0	212	1582584
hit	0	212	1	2438	21.33213
hit	0	212	2	3331	20.509903
hit	0	212	3	4118	18.708979
hit	0	212	4	4293	16.879673
hit	0	212	5	1992	16.192251
hit	0	212	6	2635	16.179317
hit	0	212	7	424	15.920657
hit	0	212	8	4730	15.513089
hit	0	212	9	4744	14.963947
hit	0	212	10	756	13.947749
time	0	213	2890292
hit	0	213	1	4531	35.57287
hit	0	213	2	2657	32.049007
hit	0	213	3	3331	30.73378
hit	0	213	4	2762	30.208569
hit	0	213	5	2695	28.539682
hit	0	213	6	2438	28.459969
hit	0	213	7	1133	27.744158
hit	0	213	8	4118	27.272268
hit	0	213	9	4557	26.024113
hit	0	213	10	4744	25.931797
time	0	214	523375
hit	0	214	1	5117	71.452484
hit	0	214	2	1777	16.428354
hit	0	214	3	1007	14.296675
hit	0	214	4	305	13.815425
hit	0	214	5	3758	13.642559
hit	0	214	6	3202	13.537419
hit	0	214	7	3143	13.421776
hit	0	214	8	1749	13.27447
hit	0	214	9	4704	12.943888
hit	0	214	10	2851	12.70857
time	0	215	4002416
hit	0	215	1	4545	18.47014
hit	0	215	2	1705	15.006991
hit	0	215	3	5019	14.030408
hit	0	215	4	1655	13.608301
hit	0	215	5	4183	13.5138035
hit	0	215	6	987	13.441949
hit	0	215	7	255	13.385254
hit	0	215	8	4480	12.697137
hit	0	215	9	2340	12.607128
hit	0	215	10	2490	12.415997
time	0	216	2590333
hit	0	216	1	2410	35.75936
hit	0	216	2	3998	32.43436
hit	0	216	3	318	27.67635
hit	0	216	4	3382	27.537739
hit	0	216	5	2884	27.535631
hit	0	216	6	1947	26.983854
hit	0	216	7	1334	26.104305
hit	0	216	8	1035	25.037956
hit	0	216	9	517	24.13106
hit	0	216	10	2913	23.998997
time	0	217	3456666
hit	0	217	1	4349	24.735376
hit	0	217	2	2211	24.576817
hit	0	217	3	2801	23.250217
hit	0	217	4	2120	22.752735
hit	0	217	5	2131	22.679377
hit	0	217	6	4305	22.65688
hit	0	217	7	1933	21.801903
hit	0	217	8	1668	21.327665
hit	0	217	9	4088	21.22368
hit	0	217	10	59	20.355217
time	0	218	1044625
hit	0	218	1	3793	34.7625
hit	0	218	2	1833	31.64035
hit	0	218	3	2178	27.642326
hit	0	218	4	195	24.481289
hit	0	218	5	735	20.763016
hit	0	218	6	4511	20.16814
hit	0	218	7	3162	19.020561
hit	0	218	8	3498	17.957405
hit	0	218	9	3885	17.59274
hit	0	218	10	1744	17.536125
time	0	219	1706583
hit	0	219	1	4683	29.956985
hit	0	219	2	2940	24.985487
hit	0	219	3	2985	23.68469
hit	0	219	4	4518	22.756645
hit	0	219	5	1595	21.757645
hit	0	219	6	2420	21.322548
hit	0	219	7	3534	21.170214
hit	0	219	8	1393	21.097702
hit	0	219	9	2855	20.209385
hit	0	219	10	2306	20.161123
time	0	220	1510125
hit	0	220	1	4386	25.185312
hit	0	220	2	2283	20.659227
hit	0	220	3	2154	18.401703
hit	0	220	4	2188	16.263372
hit	0	220	5	4740	15.798122
hit	0	220	6	4452	13.853799
hit	0	220	7	4667	13.528635
hit	0	220	8	3590	13.406261
hit	0	220	9	414	12.557658
hit	0	220	10	4076	12.324583
time	0	221	1326583
hit	0	221	1	2294	22.151955
hit	0	221	2	572	20.858843
hit	0	221	3	2331	13.972123
hit	0	221	4	317	13.971418
hit	0	221	5	3714	13.294359
hit	0	221	6	3184	12.438291
hit	0	221	7	1865	12.411516
hit	0	221	8	2658	12.217933
hit	0	221	9	2661	12.153671
hit	0	221	10	4460	12.145744
time	0	222	1821625
hit	0	222	1	2154	17.274508
hit	0	222	2	186	15.7979
hit	0	222	3	1343	14.826028
hit	0	222	4	427	14.824641
hit	0	222	5	3011	14.797633
hit	0	222	6	1575	13.938749
hit	0	222	7	5051	12.988319
hit	0	222	8	858	12.87131
hit	0	222	9	2168	11.814605
hit	0	222	10	190	11.736141
time	0	223	1713750
hit	0	223	1	332	15.247773
hit	0	223	2	1172	11.744961
hit	0	223	3	4131	11.381173
hit	0	223	4	3549	10.365471
hit	0	223	5	480	9.841864
hit	0	223	6	4121	8.332466
hit	0	223	7	1919	7.9339476
hit	0	223	8	222	7.7737722
hit	0	223	9	4751	7.766756
hit	0	223	10	2668	7.655523
time	0	224	1642500
hit	0	224	1	332	8.81461
hit	0	224	2	4121	8.332466
hit	0	224	3	1919	7.9339476
hit	0	224	4	222	7.7737722
hit	0	224	5	4751	7.766756
hit	0	224	6	2636	7.6445284
hit	0	224	7	2840	7.108637
hit	0	224	8	535	6.886136
hit	0	224	9	1895	6.8416247
hit	0	224	10	131	6.722969
time	0	225	3310208
hit	0	225	1	1663	26.724215
hit	0	225	2	2935	24.149597
hit	0	225	3	4331	21.025534
hit	0	225	4	4751	20.901672
hit	0	225	5	4105	20.612576
hit	0	225	6	5154	18.60885
hit	0	225	7	4676	18.209164
hit	0	225	8	889	17.422773
hit	0	225	9	4524	17.128342
hit	0	225	10	1364	16.624853
time	0	226	2154166
hit	0	226	1	4179	28.849083
hit	0	226	2	3192	28.292637
hit	0	226	3	448	26.99636
hit	0	226	4	436	18.000586
hit	0	226	5	2251	17.319542
hit	0	226	6	1182	16.768518
hit	0	226	7	4304	16.091085
hit	0	226	8	2793	15.804571
hit	0	226	9	2751	15.651402
hit	0	226	10	3240	15.571153
time	0	227	3642791
hit	0	227	1	1284	19.989891
hit	0	227	2	2116	18.55583
hit	0	227	3	4609	18.165277
hit	0	227	4	2377	17.387379
hit	0	227	5	1357	17.235584
hit	0	227	6	2476	16.969965
hit	0	227	7	876	16.850714
hit	0	227	8	4890	16.832127
hit	0	227	9	4329	16.628532
hit	0	227	10	2612	16.36504
time	0	228	2337291
hit	0	228	1	150	40.033688
hit	0	228	2	763	32.388264
hit	0	228	3	3091	31.057545
hit	0	228	4	2287	26.027874
hit	0	228	5	4827	26.013067
hit	0	228	6	697	21.761282
hit	0	228	7	73	20.895985
hit	0	228	8	1069	20.623299
hit	0	228	9	2082	20.194523
hit	0	228	10	5031	19.047169
time	0	229	1769458
hit	0	229	1	2145	20.161484
hit	0	229	2	3327	18.83575
hit	0	229	3	2002	18.785172
hit	0	229	4	2611	16.971281
hit	0	229	5	202	15.345024
hit	0	229	6	2288	15.245028
hit	0	229	7	3684	13.685266
hit	0	229	8	3384	13.312559
hit	0	229	9	2864	13.103993
hit	0	229	10	2637	12.913291
time	0	230	1522292
hit	0	230	1	2145	22.082386
hit	0	230	2	4780	16.760883
hit	0	230	3	3327	16.39923
hit	0	230	4	2002	15.973997
hit	0	230	5	3384	15.643823
hit	0	230	6	202	15.345024
hit	0	230	7	2611	15.027908
hit	0	230	8	2288	13.834152
hit	0	230	9	3684	13.685266
hit	0	230	10	2864	13.103993
time	0	231	1354541
hit	0	231	1	4397	25.419441
hit	0	231	2	3932	20.240932
hit	0	231	3	2256	13.886339
hit	0	231	4	4704	13.769661
hit	0	231	5	4242	13.733523
hit	0	231	6	4662	12.953955
hit	0	231	7	1718	12.8419075
hit	0	231	8	2131	12.570293
hit	0	231	9	3897	11.636411
hit	0	231	10	289	11.207855
time	0	232	2718250
hit	0	232	1	1075	19.67588
hit	0	232	2	3864	16.240213
hit	0	232	3	1091	12.609951
hit	0	232	4	559	12.130945
hit	0	232	5	4267	11.931126
hit	0	232	6	1508	11.588345
hit	0	232	7	3519	11.237192
hit	0	232	8	2710	10.998586
hit	0	232	9	1666	10.646147
hit	0	232	10	3248	10.38681
time	0	233	2565000
hit	0	233	1	1075	26.996265
hit	0	233	2	3519	19.219578
hit	0	233	3	3864	16.466072
hit	0	233	4	559	12.130945
hit	0	233	5	4267	11.931126
hit	0	233	6	1508	11.588345
hit	0	233	7	1580	10.888034
hit	0	233	8	3248	10.38681
hit	0	233	9	1298	10.167681
hit	0	233	10	1353	10.148489
time	0	234	3050916
hit	0	234	1	1074	17.96439
hit	0	234	2	5023	17.108532
hit	0	234	3	3400	15.929556
hit	0	234	4	4505	15.8596525
hit	0	234	5	2741	14.959063
hit	0	234	6	942	14.124398
hit	0	234	7	5138	13.995574
hit	0	234	8	1946	12.978613
hit	0	234	9	2016	12.9720745
hit	0	234	10	5058	12.909662
time	0	235	2834750
hit	0	235	1	2062	12.010228
hit	0	235	2	2703	11.006562
hit	0	235	3	2090	10.069708
hit	0	235	4	3860	9.949319
hit	0	235	5	3054	9.900099
hit	0	235	6	613	9.804809
hit	0	235	7	5179	9.505369
hit	0	235	8	4989	9.309907
hit	0	235	9	2067	8.934184
hit	0	235	10	2099	8.873598
time	0	236	1170208
hit	0	236	1	1836	20.875172
hit	0	236	2	1206	20.5417
hit	0	236	3	2004	17.883255
hit	0	236	4	4771	17.856874
hit	0	236	5	3814	17.424591
hit	0	236	6	2851	16.479069
hit	0	236	7	1205	16.426598
hit	0	236	8	4906	16.152725
hit	0	236	9	5182	14.9612465
hit	0	236	10	1351	14.893547
time	0	237	1313417
hit	0	237	1	1372	10.592074
hit	0	237	2	1094	10.364407
hit	0	237	3	213	10.134977
hit	0	237	4	5171	9.904284
hit	0	237	5	2364	9.859605
hit	0	237	6	1768	9.754608
hit	0	237	7	4076	9.526675
hit	0	237	8	4419	9.506667
hit	0	237	9	920	9.416089
hit	0	237	10	3588	9.305152
time	0	238	2228000
hit	0	238	1	1308	46.625618
hit	0	238	2	413	23.52181
hit	0	238	3	1513	19.13218
hit	0	238	4	486	17.991432
hit	0	238	5	4363	17.931944
hit	0	238	6	82	15.708982
hit	0	238	7	934	15.173959
hit	0	238	8	4798	14.973986
hit	0	238	9	851	14.555792
hit	0	238	10	4867	14.466676
time	0	239	3270083
hit	0	239	1	4317	61.810654
hit	0	239	2	1612	17.479532
hit	0	239	3	1264	16.587578
hit	0	239	4	860	16.337402
hit	0	239	5	2771	16.18825
hit	0	239	6	1353	15.512373
hit	0	239	7	3329	15.498663
hit	0	239	8	4879	15.083987
hit	0	239	9	1639	14.310459
hit	0	239	10	3102	14.166182
time	0	240	2427625
hit	0	240	1	1883	34.000877
hit	0	240	2	772	30.2118
hit	0	240	3	4720	22.951952
hit	0	240	4	4798	22.800867
hit	0	240	5	364	22.144175
hit	0	240	6	4434	21.581497
hit	0	240	7	3338	19.513243
hit	0	240	8	2507	18.195484
hit	0	240	9	280	15.713219
hit	0	240	10	4713	14.996079
time	0	241	1588709
hit	0	241	1	1883	33.90563
hit	0	241	2	772	30.108593
hit	0	241	3	364	22.05778
hit	0	241	4	4720	21.239729
hit	0	241	5	4798	19.78856
hit	0	241	6	4434	19.144724
hit	0	241	7	2507	18.218966
hit	0	241	8	3338	18.024784
hit	0	241	9	2337	14.322086
hit	0	241	10	4713	12.395682
time	0	242	2742542
hit	0	242	1	1268	26.873787
hit	0	242	2	2594	19.446522
hit	0	242	3	1328	15.104067
hit	0	242	4	4143	14.8681
hit	0	242	5	3949	14.020923
hit	0	242	6	894	13.814503
hit	0	242	7	4260	13.537157
hit	0	242	8	3340	12.857531
hit	0	242	9	4317	12.774994
hit	0	242	10	3566	12.490547
time	0	243	744208
hit	0	243	1	3019	30.5356
hit	0	243	2	1599	18.251797
hit	0	243	3	1244	17.702011
hit	0	243	4	3875	17.488817
hit	0	243	5	4384	17.344257
hit	0	243	6	3225	16.729721
hit	0	243	7	3957	15.975447
hit	0	243	8	2836	15.581152
hit	0	243	9	3612	15.577485
hit	0	243	10	5153	15.564379
time	0	244	96208
hit	0	244	1	3019	25.487766
hit	0	244	2	3225	14.650138
hit	0	244	3	3875	14.485441
hit	0	244	4	4384	14.425216
hit	0	244	5	3970	14.199863
hit	0	244	6	3160	13.689487
hit	0	244	7	614	13.570627
hit	0	244	8	4445	13.163725
hit	0	244	9	1244	12.987341
hit	0	244	10	4403	12.84615
time	0	245	3742833
hit	0	245	1	3724	38.882988
hit	0	245	2	4898	28.246227
hit	0	245	3	2941	20.807627
hit	0	245	4	2967	19.638649
hit	0	245	5	4554	18.912302
hit	0	245	6	2479	18.439241
hit	0	245	7	4504	18.375156
hit	0	245	8	3148	17.620533
hit	0	245	9	2112	16.911287
hit	0	245	10	810	16.334265
time	0	246	2092125
hit	0	246	1	673	34.61017
hit	0	246	2	3896	33.46061
hit	0	246	3	2739	31.627337
hit	0	246	4	2423	27.310879
hit	0	246	5	2560	19.999615
hit	0	246	6	4947	19.025284
hit	0	246	7	1600	18.33004
hit	0	246	8	2819	17.98002
hit	0	246	9	1932	17.926485
hit	0	246	10	2250	17.91487
time	0	247	2516584
hit	0	247	1	1250	36.80329
hit	0	247	2	2623	31.89131
hit	0	247	3	3030	28.180004
hit	0	247	4	1205	26.673798
hit	0	247	5	4946	23.434162
hit	0	247	6	2412	22.45949
hit	0	247	7	394	21.694729
hit	0	247	8	336	21.592669
hit	0	247	9	2471	21.066599
hit	0	247	10	2734	19.338512
time	0	248	3565708
hit	0	248	1	1272	47.806442
hit	0	248	2	3567	41.688038
hit	0	248	3	1275	34.158367
hit	0	248	4	367	33.48793
hit	0	248	5	663	32.58484
hit	0	248	6	92	31.211613
hit	0	248	7	4515	28.278471
hit	0	248	8	634	27.457275
hit	0	248	9	636	25.477219
hit	0	248	10	1493	25.18635
time	0	249	2246084
hit	0	249	1	1443	28.23386
hit	0	249	2	586	28.101055
hit	0	249	3	962	9.420223
hit	0	249	4	4497	8.588539
hit	0	249	5	2110	8.296406
hit	0	249	6	2717	8.20618
hit	0	249	7	1351	7.951911
hit	0	249	8	3783	7.7423396
hit	0	249	9	3380	7.6448503
hit	0	249	10	3681	7.5223756
time	0	250	3982042
hit	0	250	1	912	60.42773
hit	0	250	2	2295	33.410675
hit	0	250	3	4648	32.708595
hit	0	250	4	5171	29.778996
hit	0	250	5	508	28.113298
hit	0	250	6	1611	26.22707
hit	0	250	7	5101	26.222486
hit	0	250	8	2285	25.431484
hit	0	250	9	3795	24.493277
hit	0	250	10	4480	22.748638
time	0	251	2167708
hit	0	251	1	235	35.404247
hit	0	251	2	388	31.452974
hit	0	251	3	2992	29.997002
hit	0	251	4	2677	29.384941
hit	0	251	5	2957	28.503357
hit	0	251	6	2066	24.977776
hit	0	251	7	4643	19.234364
hit	0	251	8	4523	18.775873
hit	0	251	9	472	18.68388
hit	0	251	10	2081	18.330124
time	0	252	2224417
hit	0	252	1	4848	35.00327
hit	0	252	2	2186	34.402096
hit	0	252	3	620	23.20194
hit	0	252	4	4465	22.84873
hit	0	252	5	3555	22.309849
hit	0	252	6	3665	22.293102
hit	0	252	7	4918	20.925667
hit	0	252	8	4634	17.58757
hit	0	252	9	3246	16.701115
hit	0	252	10	486	16.666088
time	0	253	2585917
hit	0	253	1	3555	47.991943
hit	0	253	2	4848	33.56448
hit	0	253	3	4465	28.529444
hit	0	253	4	4561	20.338053
hit	0	253	5	2186	16.992764
hit	0	253	6	1216	16.503227
hit	0	253	7	4310	15.182164
hit	0	253	8	82	14.9334
hit	0	253	9	3591	14.47828
hit	0	253	10	4644	13.526584
time	0	254	3692958
hit	0	254	1	1134	23.951025
hit	0	254	2	2054	23.701637
hit	0	254	3	2056	22.781843
hit	0	254	4	2409	21.165804
hit	0	254	5	3523	18.391998
hit	0	254	6	1926	17.826073
hit	0	254	7	1082	17.395216
hit	0	254	8	871	17.352879
hit	0	254	9	420	17.182623
hit	0	254	10	2387	16.900026
time	0	255	2308292
hit	0	255	1	4295	23.493341
hit	0	255	2	381	22.899067
hit	0	255	3	879	14.53029
hit	0	255	4	4528	13.893978
hit	0	255	5	2383	13.805333
hit	0	255	6	1988	13.206577
hit	0	255	7	4950	12.271911
hit	0	255	8	2704	12.201245
hit	0	255	9	1684	11.271706
hit	0	255	10	2164	11.013909
time	0	256	1504083
hit	0	256	1	4920	12.995697
hit	0	256	2	2037	11.97213
hit	0	256	3	5105	10.800749
hit	0	256	4	2048	10.345231
hit	0	256	5	3196	9.757313
hit	0	256	6	4886	9.736954
hit	0	256	7	2380	9.683599
hit	0	256	8	4704	9.614571
hit	0	256	9	2727	9.595278
hit	0	256	10	4135	9.40399
time	0	257	3464792
hit	0	257	1	5057	23.71706
hit	0	257	2	4123	22.073217
hit	0	257	3	297	20.200174
hit	0	257	4	2409	20.014585
hit	0	257	5	4369	19.371881
hit	0	257	6	306	19.253862
hit	0	257	7	3967	17.68479
hit	0	257	8	1868	17.4214
hit	0	257	9	4909	17.39634
hit	0	257	10	358	17.37487
time	0	258	1226417
hit	0	258	1	1856	41.220543
hit	0	258	2	3409	18.684195
hit	0	258	3	4806	16.958385
hit	0	258	4	2402	16.22023
hit	0	258	5	5108	15.581966
hit	0	258	6	3356	15.325964
hit	0	258	7	504	14.989166
hit	0	258	8	1159	14.912018
hit	0	258	9	1995	14.530598
hit	0	258	10	2700	14.161317
time	0	259	1784958
hit	0	259	1	3350	24.370752
hit	0	259	2	3315	14.88706
hit	0	259	3	3820	14.329771
hit	0	259	4	3362	13.282712
hit	0	259	5	2446	12.252281
hit	0	259	6	2077	12.142893
hit	0	259	7	2448	11.574701
hit	0	259	8	2179	11.33244
hit	0	259	9	875	11.284725
hit	0	259	10	3378	10.733789
time	0	260	2024375
hit	0	260	1	1487	39.570213
hit	0	260	2	3809	18.558275
hit	0	260	3	4658	18.375862
hit	0	260	4	1809	16.269308
hit	0	260	5	1144	16.237698
hit	0	260	6	94	14.919324
hit	0	260	7	467	14.898927
hit	0	260	8	3216	14.816104
hit	0	260	9	3026	14.725653
hit	0	260	10	3732	14.216529
time	0	261	3638583
hit	0	261	1	3105	39.305782
hit	0	261	2	1835	27.280687
hit	0	261	3	719	23.978697
hit	0	261	4	2368	22.983932
hit	0	261	5	4093	22.655293
hit	0	261	6	520	22.494308
hit	0	261	7	2626	22.342068
hit	0	261	8	533	22.33039
hit	0	261	9	4312	22.102057
hit	0	261	10	705	21.41169
time	0	262	382084
hit	0	262	1	4208	15.487686
hit	0	262	2	3111	14.804511
hit	0	262	3	3925	14.665257
hit	0	262	4	4345	14.354265
hit	0	262	5	1090	13.486912
hit	0	262	6	4395	13.3689575
hit	0	262	7	4963	13.328812
hit	0	262	8	2339	12.994741
hit	0	262	9	1413	12.977779
hit	0	262	10	378	12.816128
time	0	263	344958
hit	0	263	1	4208	15.487686
hit	0	263	2	3111	14.804511
hit	0	263	3	3925	14.665257
hit	0	263	4	4345	14.354265
hit	0	263	5	1090	13.486912
hit	0	263	6	4382	13.485647
hit	0	263	7	4963	13.328812
hit	0	263	8	2339	12.994741
hit	0	263	9	1413	12.977779
hit	0	263	10	378	12.816128
time	0	264	1172834
hit	0	264	1	883	34.426163
hit	0	264	2	3583	21.821815
hit	0	264	3	1999	21.69854
hit	0	264	4	4499	10.888156
hit	0	264	5	44	10.82812
hit	0	264	6	4495	10.652316
hit	0	264	7	4497	10.270418
hit	0	264	8	3105	10.239542
hit	0	264	9	768	9.404114
hit	0	264	10	3841	9.281895
time	0	265	2633334
hit	0	265	1	4260	40.133926
hit	0	265	2	4684	21.645617
hit	0	265	3	3980	19.551891
hit	0	265	4	419	17.784592
hit	0	265	5	1380	17.160791
hit	0	265	6	3478	17.12697
hit	0	265	7	3836	17.116003
hit	0	265	8	2074	16.384676
hit	0	265	9	229	16.220081
hit	0	265	10	3198	15.791339
time	0	266	1880458
hit	0	266	1	4260	19.981527
hit	0	266	2	419	17.327322
hit	0	266	3	3836	16.63492
hit	0	266	4	4684	16.576149
hit	0	266	5	229	15.716686
hit	0	266	6	4996	12.07217
hit	0	266	7	3198	12.063124
hit	0	266	8	4884	11.801207
hit	0	266	9	2823	11.729133
hit	0	266	10	3328	11.655587
time	0	267	315208
hit	0	267	1	2882	37.087784
hit	0	267	2	461	16.151455
hit	0	267	3	4783	16.02994
hit	0	267	4	83	15.251511
hit	0	267	5	945	15.158655
hit	0	267	6	1165	13.226535
hit	0	267	7	3463	13.095986
hit	0	267	8	1410	13.042433
hit	0	267	9	2816	12.909358
hit	0	267	10	4704	12.470617
time	0	268	1718666
hit	0	268	1	398	15.232256
hit	0	268	2	4644	14.49824
hit	0	268	3	1986	13.94424
hit	0	268	4	620	12.768227
hit	0	268	5	1687	12.423958
hit	0	268	6	1921	11.466352
hit	0	268	7	1667	11.208307
hit	0	268	8	2826	11.165692
hit	0	268	9	1989	11.045898
hit	0	268	10	2705	10.826269
time	0	269	2574208
hit	0	269	1	985	22.264164
hit	0	269	2	1235	13.42473
hit	0	269	3	1045	12.094791
hit	0	269	4	4432	11.533989
hit	0	269	5	3017	11.423543
hit	0	269	6	2352	11.16136
hit	0	269	7	2061	10.118793
hit	0	269	8	4920	9.934975
hit	0	269	9	5043	9.880193
hit	0	269	10	2045	9.696906
time	0	270	2022166
hit	0	270	1	810	22.248466
hit	0	270	2	654	19.90973
hit	0	270	3	592	18.605186
hit	0	270	4	4457	18.107231
hit	0	270	5	1172	16.70956
hit	0	270	6	2713	15.155236
hit	0	270	7	1123	15.1223345
hit	0	270	8	2773	14.308075
hit	0	270	9	2997	14.076132
hit	0	270	10	3586	14.0462475
time	0	271	1489875
hit	0	271	1	1229	58.304176
hit	0	271	2	5162	46.214554
hit	0	271	3	2822	45.81634
hit	0	271	4	4108	43.463947
hit	0	271	5	1878	39.686573
hit	0	271	6	3307	38.82884
hit	0	271	7	1258	38.296722
hit	0	271	8	2866	37.665913
hit	0	271	9	3813	36.222343
hit	0	271	10	838	36.03334
time	0	272	4087750
hit	0	272	1	1107	35.127617
hit	0	272	2	3955	17.355768
hit	0	272	3	1012	16.392435
hit	0	272	4	3169	16.322596
hit	0	272	5	4726	14.3333435
hit	0	272	6	4665	14.213689
hit	0	272	7	4256	13.638637
hit	0	272	8	1303	13.05262
hit	0	272	9	3210	13.009732
hit	0	272	10	1733	12.94192
time	0	273	2531917
hit	0	273	1	618	27.85959
hit	0	273	2	4145	26.379515
hit	0	273	3	2413	22.35632
hit	0	273	4	3176	21.286
hit	0	273	5	742	20.063736
hit	0	273	6	4841	16.937695
hit	0	273	7	2096	16.65943
hit	0	273	8	3800	16.638575
hit	0	273	9	215	16.224386
hit	0	273	10	2988	15.457581
time	0	274	1750500
hit	0	274	1	1838	17.756546
hit	0	274	2	1492	15.280621
hit	0	274	3	2434	13.988169
hit	0	274	4	357	13.520981
hit	0	274	5	469	13.419548
hit	0	274	6	1049	12.911725
hit	0	274	7	4355	12.545268
hit	0	274	8	4769	12.0735035
hit	0	274	9	4664	12.067002
hit	0	274	10	3328	11.873882
time	0	275	141209
hit	0	275	1	3830	13.514811
hit	0	275	2	3387	11.638882
hit	0	275	3	176	11.313221
hit	0	275	4	3041	10.94511
hit	0	275	5	3612	10.828022
hit	0	275	6	1302	10.811096
hit	0	275	7	1277	10.448914
hit	0	275	8	2539	10.441482
hit	0	275	9	858	10.206327
hit	0	275	10	2720	9.918192
time	0	276	1572958
hit	0	276	1	4253	13.576424
hit	0	276	2	408	13.568939
hit	0	276	3	1807	11.5296135
hit	0	276	4	3364	10.550653
hit	0	276	5	2484	10.342027
hit	0	276	6	2361	10.150324
hit	0	276	7	2237	10.118424
hit	0	276	8	3533	9.9708805
hit	0	276	9	535	9.966034
hit	0	276	10	1947	9.897707
time	0	277	1710875
hit	0	277	1	4887	25.834679
hit	0	277	2	2826	12.944188
hit	0	277	3	2656	12.564648
hit	0	277	4	1955	12.402733
hit	0	277	5	2185	12.399213
hit	0	277	6	2994	11.655962
hit	0	277	7	1633	11.247666
hit	0	277	8	2136	10.16495
hit	0	277	9	979	9.991521
hit	0	277	10	3939	9.859844
time	0	278	1851833
hit	0	278	1	4887	27.77583
hit	0	278	2	2506	11.276115
hit	0	278	3	1955	10.670471
hit	0	278	4	1633	10.44322
hit	0	278	5	2745	10.294623
hit	0	278	6	3673	9.836442
hit	0	278	7	1324	9.7811165
hit	0	278	8	2656	9.527364
hit	0	278	9	2004	8.559347
hit	0	278	10	4908	8.383293
time	0	279	1013333
hit	0	279	1	828	48.135174
hit	0	279	2	3130	20.877846
hit	0	279	3	418	20.474838
hit	0	279	4	4567	18.428019
hit	0	279	5	173	17.628885
hit	0	279	6	4478	15.416839
hit	0	279	7	2232	15.29617
hit	0	279	8	4001	13.981001
hit	0	279	9	2335	13.695051
hit	0	279	10	2456	13.557692
time	0	280	2746667
hit	0	280	1	1742	18.582928
hit	0	280	2	844	15.0595045
hit	0	280	3	1906	14.98522
hit	0	280	4	4187	14.659975
hit	0	280	5	5118	13.9352
hit	0	280	6	35	13.857384
hit	0	280	7	3139	13.7465725
hit	0	280	8	2269	13.482072
hit	0	280	9	536	13.378995
hit	0	280	10	4634	13.345873
time	0	281	1694250
hit	0	281	1	99	41.54596
hit	0	281	2	639	21.094673
hit	0	281	3	4943	18.47865
hit	0	281	4	4350	18.28342
hit	0	281	5	3454	18.242813
hit	0	281	6	4689	17.620579
hit	0	281	7	568	16.789509
hit	0	281	8	1457	16.676033
hit	0	281	9	3865	16.43936
hit	0	281	10	5064	16.219082
time	0	282	3676333
hit	0	282	1	4686	94.20415
hit	0	282	2	4344	27.608585
hit	0	282	3	2502	24.170532
hit	0	282	4	3485	23.173351
hit	0	282	5	4921	22.07166
hit	0	282	6	4932	21.845108
hit	0	282	7	871	21.70087
hit	0	282	8	5005	20.719696
hit	0	282	9	1099	20.209332
hit	0	282	10	1172	19.660156
time	0	283	3085208
hit	0	283	1	4590	45.06397
hit	0	283	2	1475	20.603954
hit	0	283	3	3183	18.34227
hit	0	283	4	561	18.109812
hit	0	283	5	4369	18.076654
hit	0	283	6	291	18.067236
hit	0	283	7	1634	17.620388
hit	0	283	8	736	17.611164
hit	0	283	9	2346	17.563717
hit	0	283	10	765	17.03287
time	0	284	2670667
hit	0	284	1	188	47.83599
hit	0	284	2	103	20.641087
hit	0	284	3	711	19.846836
hit	0	284	4	4537	18.2938
hit	0	284	5	1258	17.909668
hit	0	284	6	3114	16.8069
hit	0	284	7	3982	16.432507
hit	0	284	8	3402	16.247383
hit	0	284	9	2457	15.893012
hit	0	284	10	1144	15.104925
time	0	285	1271417
hit	0	285	1	5174	16.598324
hit	0	285	2	2426	13.657312
hit	0	285	3	2125	12.750782
hit	0	285	4	2363	12.393913
hit	0	285	5	214	11.696609
hit	0	285	6	1845	11.5791645
hit	0	285	7	4636	10.81281
hit	0	285	8	1893	10.801935
hit	0	285	9	4336	10.32539
hit	0	285	10	1113	9.736532
time	0	286	1519792
hit	0	286	1	5174	15.976286
hit	0	286	2	4636	15.774692
hit	0	286	3	2125	15.743814
hit	0	286	4	1845	14.946312
hit	0	286	5	214	14.438017
hit	0	286	6	1113	14.191992
hit	0	286	7	3235	13.778265
hit	0	286	8	4336	13.659137
hit	0	286	9	1628	13.595453
hit	0	286	10	1893	13.453728
time	0	287	2005875
hit	0	287	1	3395	19.927692
hit	0	287	2	1058	19.596922
hit	0	287	3	686	18.618359
hit	0	287	4	1710	16.696136
hit	0	287	5	1554	14.602007
hit	0	287	6	858	13.961561
hit	0	287	7	2199	13.127738
hit	0	287	8	3583	13.115015
hit	0	287	9	1611	12.798494
hit	0	287	10	4380	12.358015
time	0	288	3233375
hit	0	288	1	1143	28.506294
hit	0	288	2	3422	18.162851
hit	0	288	3	4098	17.884468
hit	0	288	4	2018	17.79071
hit	0	288	5	2233	17.222084
hit	0	288	6	179	16.779976
hit	0	288	7	182	16.537766
hit	0	288	8	396	16.335821
hit	0	288	9	1864	15.30884
hit	0	288	10	2982	15.241338
time	0	289	2239667
hit	0	289	1	4306	37.107925
hit	0	289	2	1986	19.277033
hit	0	289	3	3227	17.224514
hit	0	289	4	1589	16.93792
hit	0	289	5	1358	16.451889
hit	0	289	6	2142	16.251217
hit	0	289	7	2701	14.855001
hit	0	289	8	1569	14.590591
hit	0	289	9	4862	14.238544
hit	0	289	10	3300	13.799643
time	0	290	1713750
hit	0	290	1	332	15.247773
hit	0	290	2	1172	11.744961
hit	0	290	3	4131	11.381173
hit	0	290	4	3549	10.365471
hit	0	290	5	480	9.841864
hit	0	290	6	4121	8.332466
hit	0	290	7	1919	7.9339476
hit	0	290	8	222	7.7737722
hit	0	290	9	4751	7.766756
hit	0	290	10	2668	7.655523
time	0	291	2030000
hit	0	291	1	2956	26.365402
hit	0	291	2	2944	24.132233
hit	0	291	3	462	21.667372
hit	0	291	4	166	19.237799
hit	0	291	5	2882	18.26683
hit	0	291	6	3058	18.2403
hit	0	291	7	1767	16.12246
hit	0	291	8	4634	15.356875
hit	0	291	9	1396	14.872323
hit	0	291	10	1760	14.3752165
time	0	292	2926416
hit	0	292	1	550	16.989094
hit	0	292	2	366	16.028591
hit	0	292	3	305	12.214559
hit	0	292	4	793	11.931354
hit	0	292	5	1046	11.588523
hit	0	292	6	2722	11.385423
hit	0	292	7	5071	11.117674
hit	0	292	8	4471	10.65164
hit	0	292	9	466	10.263993
hit	0	292	10	853	10.09467
time	0	293	122542
hit	0	293	1	4978	21.439108
hit	0	293	2	4728	13.663795
hit	0	293	3	2935	12.160578
hit	0	293	4	4520	11.445398
hit	0	293	5	1548	11.424653
hit	0	293	6	2367	11.325361
hit	0	293	7	4567	11.07243
hit	0	293	8	264	10.869648
hit	0	293	9	4343	10.844773
hit	0	293	10	2781	10.347292
time	0	294	1900583
hit	0	294	1	1692	28.968649
hit	0	294	2	4951	17.630089
hit	0	294	3	5005	17.323969
hit	0	294	4	1941	15.248701
hit	0	294	5	401	15.123608
hit	0	294	6	1038	14.205757
hit	0	294	7	3649	13.590702
hit	0	294	8	2453	13.376228
hit	0	294	9	399	13.168515
hit	0	294	10	5011	12.831531
time	0	295	2637000
hit	0	295	1	2657	68.562195
hit	0	295	2	4531	67.44342
hit	0	295	3	2762	63.587383
hit	0	295	4	2695	63.57461
hit	0	295	5	4118	61.454876
hit	0	295	6	1133	58.530552
hit	0	295	7	5142	58.190834
hit	0	295	8	1401	53.628162
hit	0	295	9	1992	53.343613
hit	0	295	10	619	52.065834
time	0	296	331458
hit	0	296	1	3985	23.469929
hit	0	296	2	3183	21.922146
hit	0	296	3	4439	19.187763
hit	0	296	4	5174	19.010544
hit	0	296	5	2834	18.273762
hit	0	296	6	4058	18.114649
hit	0	296	7	4533	17.656326
hit	0	296	8	4037	16.803677
hit	0	296	9	2361	16.477758
hit	0	296	10	4488	16.370153
time	0	297	3491375
hit	0	297	1	2859	28.512226
hit	0	297	2	3144	18.350836
hit	0	297	3	5092	15.602464
hit	0	297	4	1853	15.369586
hit	0	297	5	4890	14.739568
hit	0	297	6	4536	14.500984
hit	0	297	7	5053	14.162175
hit	0	297	8	245	14.041445
hit	0	297	9	1995	14.031658
hit	0	297	10	1626	13.586114
time	0	298	3207166
hit	0	298	1	4575	40.327652
hit	0	298	2	3162	20.579245
hit	0	298	3	1049	19.609417
hit	0	298	4	672	17.632324
hit	0	298	5	2178	16.207417
hit	0	298	6	1956	16.016232
hit	0	298	7	514	15.913092
hit	0	298	8	5023	15.024168
hit	0	298	9	265	14.489912
hit	0	298	10	1045	14.432994
time	0	299	1817375
hit	0	299	1	1360	24.807217
hit	0	299	2	346	18.587301
hit	0	299	3	3374	15.537978
hit	0	299	4	1794	14.586926
hit	0	299	5	3577	14.1951885
hit	0	299	6	2478	14.160057
hit	0	299	7	4565	14.080749
hit	0	299	8	3287	13.677895
hit	0	299	9	4395	13.30581
hit	0	299	10	2875	12.85961
time	0	300	1847875
hit	0	300	1	1062	28.865414
hit	0	300	2	2462	27.122892
hit	0	300	3	2527	22.621105
hit	0	300	4	352	20.038939
hit	0	300	5	2568	18.622559
hit	0	300	6	4486	18.156353
hit	0	300	7	3963	17.57971
hit	0	300	8	2670	17.370264
hit	0	300	9	65	15.092204
hit	0	300	10	3825	11.6203785
