file,benchmark,runs,B/op,B/op_max,B/op_min,MB/s,MB/s_max,MB/s_min,allocs/op,allocs/op_max,allocs/op_min,index-build-ms,index-build-ms_max,index-build-ms_min,iterations,iterations_max,iterations_min,mean-ns,mean-ns_max,mean-ns_min,ns/op,ns/op_max,ns/op_min,p99-ns,p99-ns_max,p99-ns_min,recall@10,recall@10_max,recall@10_min
query.txt,BenchmarkPropertyEquality10K/indexed,3,88.0,88.0,88.0,,,,4.0,4.0,4.0,,,,685167.0,697201.0,683095.0,,,,381.6,382.2,379.4,,,,,,
query.txt,BenchmarkPropertyEquality10K/query_indexed,3,2136.0,2136.0,2136.0,,,,31.0,31.0,31.0,,,,112428.0,119436.0,102571.0,,,,2222.0,2857.0,2191.0,,,,,,
query.txt,BenchmarkPropertyIndexCommonValue10K/limit_1,3,96.0,96.0,96.0,,,,4.0,4.0,4.0,,,,549554.0,591296.0,510416.0,,,,464.1,476.0,456.8,,,,,,
query.txt,BenchmarkPropertyIndexCommonValue10K/full_then_limit_1,3,82012.0,82013.0,82012.0,,,,4.0,4.0,4.0,,,,690.0,812.0,660.0,,,,321493.0,419910.0,301760.0,,,,,,
query.txt,BenchmarkPropertyIndexCommonValue10K/unique_limit_1,3,96.0,96.0,96.0,,,,4.0,4.0,4.0,,,,551479.0,609620.0,481939.0,,,,438.3,484.1,430.7,,,,,,
query.txt,BenchmarkPropertyIndexCommonValue10K/unique_full_then_limit_1,3,96.0,96.0,96.0,,,,4.0,4.0,4.0,,,,487140.0,577402.0,481198.0,,,,459.4,467.6,451.8,,,,,,
query.txt,BenchmarkQueryLanguage/nodes_10000/count,3,4248454.0,4248454.0,4248453.0,,,,10050.0,10050.0,10050.0,,,,127.0,135.0,100.0,,,,2523904.0,2683219.0,2216586.0,,,,,,
query.txt,BenchmarkQueryLanguage/nodes_10000/sum_avg,3,4568735.0,4568747.0,4568728.0,,,,20057.0,20058.0,20057.0,,,,45.0,85.0,39.0,,,,5457625.0,6006923.0,2780207.0,,,,,,
query.txt,BenchmarkQueryLanguage/nodes_10000/group_100,3,5666109.0,5666113.0,5666105.0,,,,110667.0,110667.0,110667.0,,,,63.0,66.0,60.0,,,,4488652.0,4704802.0,4401490.0,,,,,,
query.txt,BenchmarkQueryLanguage/nodes_10000/with_group_top10,3,6448599.0,6448681.0,6448592.0,,,,120595.0,120595.0,120595.0,,,,58.0,60.0,56.0,,,,4863723.0,4869249.0,4838192.0,,,,,,
query.txt,BenchmarkQueryLanguage/nodes_10000/collect,3,5398477.0,5398478.0,5398476.0,,,,20075.0,20075.0,20075.0,,,,100.0,100.0,100.0,,,,2451914.0,2461990.0,2449587.0,,,,,,
query.txt,BenchmarkQueryLanguage/nodes_10000/nested_functions,3,5128637.0,5128637.0,5128629.0,,,,60055.0,60055.0,60055.0,,,,100.0,100.0,100.0,,,,2883552.0,2912253.0,2881628.0,,,,,,
query.txt,BenchmarkQueryLanguage/nodes_100000/count,3,50036864.0,50036865.0,50036853.0,,,,100074.0,100074.0,100074.0,,,,20.0,20.0,19.0,,,,18289262.0,23304366.0,18246690.0,,,,,,
query.txt,BenchmarkQueryLanguage/nodes_100000/sum_avg,3,53237328.0,53237328.0,53237225.0,,,,200083.0,200083.0,200082.0,,,,8.0,8.0,8.0,,,,26625307.0,29313760.0,26488115.0,,,,,,
query.txt,BenchmarkQueryLanguage/nodes_100000/group_100,3,63694648.0,63694649.0,63694640.0,,,,1100692.0,1100692.0,1100692.0,,,,5.0,5.0,4.0,,,,48397383.0,56343948.0,47739875.0,,,,,,
query.txt,BenchmarkQueryLanguage/nodes_100000/with_group_top10,3,71677116.0,71677120.0,71677112.0,,,,1200620.0,1200620.0,1200620.0,,,,4.0,4.0,4.0,,,,50667917.0,50848344.0,50332948.0,,,,,,
query.txt,BenchmarkQueryLanguage/nodes_100000/collect,3,63766281.0,63766384.0,63766281.0,,,,200109.0,200110.0,200109.0,,,,8.0,8.0,8.0,,,,27114766.0,31008948.0,26771203.0,,,,,,
query.txt,BenchmarkQueryLanguage/nodes_100000/nested_functions,3,58837216.0,58837216.0,58837216.0,,,,600080.0,600080.0,600080.0,,,,7.0,7.0,7.0,,,,31388351.0,32213976.0,31357702.0,,,,,,
query.txt,BenchmarkQueryFTSCandidates10K/scan,3,7052397.0,7052605.0,7052391.0,,,,100092.0,100095.0,100092.0,,,,34.0,34.0,32.0,,,,7296727.0,7975760.0,7185362.0,,,,,,
query.txt,BenchmarkQueryFTSCandidates10K/postings,3,62401.0,62402.0,62401.0,,,,1074.0,1074.0,1074.0,,,,3181.0,3253.0,2990.0,,,,74655.0,80522.0,73642.0,,,,,,
query.txt,BenchmarkQueryVectorCandidates10K/exact,3,1775929.0,1775937.0,1775929.0,,,,5083.0,5083.0,5083.0,,,,100.0,100.0,100.0,,,,2294747.0,2973578.0,2131125.0,,,,,,
query.txt,BenchmarkQueryVectorCandidates10K/ann,3,8042.0,8044.0,8042.0,,,,72.0,72.0,72.0,,,,7975.0,7989.0,7946.0,,,,33252.0,34081.0,32286.0,,,,,,
query.txt,BenchmarkQueryMultiHopSlots,3,83231.0,83231.0,83229.0,,,,616.0,616.0,616.0,,,,4590.0,4951.0,4394.0,,,,50019.0,52212.0,47314.0,,,,,,
query.txt,BenchmarkQueryMultiHopSlots100K,3,97113452.0,97113868.0,97113250.0,,,,699805.0,699808.0,699803.0,,,,4.0,4.0,4.0,,,,64130584.0,65358521.0,64071604.0,,,,,,
query.txt,BenchmarkQueryOrderLimitTopK/top_k_10/10000,3,2410420.0,2410521.0,2410419.0,,,,10059.0,10060.0,10059.0,,,,55.0,57.0,51.0,,,,4786992.0,5119311.0,4730279.0,,,,,,
query.txt,BenchmarkQueryOrderLimitTopK/full_sort_all_rows_reference/10000,3,7918658.0,7918820.0,7918652.0,,,,30069.0,30070.0,30069.0,,,,31.0,32.0,26.0,,,,9653499.0,9812453.0,9126936.0,,,,,,
query.txt,BenchmarkQueryOrderLimitTopK/top_k_10/100000,3,27824940.0,27824982.0,27824776.0,,,,100070.0,100070.0,100069.0,,,,5.0,5.0,4.0,,,,49527050.0,80389208.0,46645342.0,,,,,,
query.txt,BenchmarkQueryOrderLimitTopK/full_sort_all_rows_reference/100000,3,88132900.0,88133037.0,88132762.0,,,,300101.0,300102.0,300100.0,,,,3.0,3.0,2.0,,,,99310931.0,102337167.0,93389292.0,,,,,,
fts.txt,BenchmarkFTSSearchScaling/records_1000/rare,3,488.0,488.0,488.0,,,,11.0,11.0,11.0,,,,291573.0,364834.0,286017.0,,,,732.5,986.3,637.9,,,,,,
fts.txt,BenchmarkFTSSearchScaling/records_1000/common,3,584.0,584.0,584.0,,,,11.0,11.0,11.0,,,,6721.0,8574.0,6608.0,,,,32580.0,55238.0,32053.0,,,,,,
fts.txt,BenchmarkFTSSearchScaling/records_1000/multi_rare,3,656.0,656.0,656.0,,,,16.0,16.0,16.0,,,,309824.0,339758.0,259203.0,,,,803.2,836.6,759.0,,,,,,
fts.txt,BenchmarkFTSSearchScaling/records_1000/fuzzy_rare,3,1112.0,1112.0,1112.0,,,,24.0,24.0,24.0,,,,83577.0,139406.0,75571.0,,,,2739.0,3668.0,2655.0,,,,,,
fts.txt,BenchmarkFTSSearchScaling/records_10000/rare,3,488.0,488.0,488.0,,,,11.0,11.0,11.0,,,,327100.0,415730.0,314602.0,,,,637.0,651.8,624.0,,,,,,
fts.txt,BenchmarkFTSSearchScaling/records_10000/common,3,584.0,584.0,584.0,,,,11.0,11.0,11.0,,,,840.0,861.0,736.0,,,,295024.0,316074.0,287346.0,,,,,,
fts.txt,BenchmarkFTSSearchScaling/records_10000/multi_rare,3,656.0,656.0,656.0,,,,16.0,16.0,16.0,,,,321613.0,332130.0,248385.0,,,,951.1,1199.0,750.4,,,,,,
fts.txt,BenchmarkFTSSearchScaling/records_10000/fuzzy_rare,3,1112.0,1112.0,1112.0,,,,24.0,24.0,24.0,,,,149336.0,155916.0,138675.0,,,,1564.0,1671.0,1527.0,,,,,,
fts.txt,BenchmarkFTSSearchScaling/records_100000/rare,3,488.0,488.0,488.0,,,,11.0,11.0,11.0,,,,453932.0,490358.0,388543.0,,,,594.1,635.8,591.3,,,,,,
fts.txt,BenchmarkFTSSearchScaling/records_100000/common,3,596.0,597.0,592.0,,,,11.0,11.0,11.0,,,,52.0,61.0,45.0,,,,4672301.0,5752003.0,4473513.0,,,,,,
fts.txt,BenchmarkFTSSearchScaling/records_100000/multi_rare,3,656.0,656.0,656.0,,,,16.0,16.0,16.0,,,,327414.0,362566.0,290283.0,,,,798.3,819.5,774.1,,,,,,
fts.txt,BenchmarkFTSSearchScaling/records_100000/fuzzy_rare,3,1112.0,1112.0,1112.0,,,,24.0,24.0,24.0,,,,159366.0,165883.0,149798.0,,,,1554.0,2209.0,1508.0,,,,,,
vector-exact.txt,BenchmarkVectorSearchClusteredExact128D/1K,3,288.0,288.0,288.0,,,,3.0,3.0,3.0,,,,4324.0,4766.0,3733.0,,,,56624.0,59996.0,55601.0,,,,,,
vector-exact.txt,BenchmarkVectorSearchClusteredExact128D/10K,3,288.0,288.0,288.0,,,,3.0,3.0,3.0,,,,418.0,420.0,412.0,,,,682058.0,835279.0,625364.0,,,,,,
vector-exact.txt,BenchmarkVectorSearchClusteredExact128D/100K,3,288.0,288.0,288.0,,,,3.0,3.0,3.0,,,,52.0,54.0,49.0,,,,6369763.0,7207157.0,4595140.0,,,,,,
vector-ann.txt,BenchmarkVectorSearchClustered128D/1K,3,288.0,288.0,288.0,8.58,9.29,7.17,3.0,3.0,3.0,570.1,620.3,566.5,1.0,1.0,1.0,75557.0,142923.0,59962.0,59708.0,71458.0,55084.0,505500.0,545542.0,170042.0,100.0,100.0,100.0
vector-ann.txt,BenchmarkVectorSearchClustered128D/10K,3,288.0,288.0,288.0,4.16,4.41,3.66,3.0,3.0,3.0,8685.0,9911.0,8366.0,1.0,1.0,1.0,139150.0,154686.0,126795.0,122959.0,139917.0,116125.0,392416.0,506250.0,268292.0,99.0,99.0,99.0
vector-ann.txt,BenchmarkVectorSearchClustered128D/100K,3,288.0,288.0,288.0,1.56,1.85,1.02,3.0,3.0,3.0,157583.0,166594.0,152242.0,1.0,1.0,1.0,396304.0,467608.0,341610.0,327291.0,504250.0,276541.0,1082500.0,1429833.0,953209.0,100.0,100.0,100.0
fuzzy-vocabulary.txt,BenchmarkFTSFuzzyVocabularyPruning/tokens_10000,3,376.0,377.0,376.0,,,,9.0,9.0,9.0,,,,174.0,175.0,158.0,,,,1340247.0,1417186.0,1301651.0,,,,,,
fuzzy-vocabulary.txt,BenchmarkFTSFuzzyVocabularyPruning/tokens_100000,3,622.0,622.0,620.0,,,,11.0,11.0,11.0,,,,6.0,6.0,6.0,,,,39784014.0,49159930.0,34742444.0,,,,,,
